diff_corr_nocorr	diff_DLM_NoDLM	probVPBranching	probNPBranching	probObj
-0.0505487480293	NA	0.5	0.0	0.6
-0.049539693882	-0.074796376852	0.426388846504	0.0	0.364533747536
-0.047365480383	-0.086662663474	0.492027771142	0.0	0.564899871883
-0.0472234754275	-0.061867131894	0.453553731954	0.0	0.312978419238
-0.046526086777	NA	0.5	0.0	0.5
-0.0451402510907	NA	0.5	0.0	0.4
-0.043451990702	-0.007401985779	0.316274869141	0.288665656044	0.407715741597
-0.0434412109745	-0.082147287338	0.477422222584	0.0	0.521086982067
-0.0428158042195	-0.041966199367	0.416542860645	0.0	0.22945895249
-0.042286721655	-0.025089230106	0.342839576531	0.230628045208	0.365281148142
-0.042106976879	NA	0.5	0.0	0.7
-0.0415644599355	-0.074427929503	0.478136028874	0.0	0.328184969426
-0.041236587475	-0.010369237202	0.35461512307	0.3	0.124051170367
-0.040600131257	-0.021673454999	0.394220835163	0.246400603184	0.225263123708
-0.0401416176485	-0.069874716541	0.468745131652	0.0	0.277031363555
-0.0395734869465	-0.068760160807	0.465926776374	0.0	0.651308096878
-0.0392944192275	-0.069125839943	0.445416680343	0.0	0.167709676117
-0.039132553734	-0.074131157315	0.420402843188	0.0	0.477633727763
-0.038449670442	-0.061336686408	0.402726321226	0.0	0.494036763237
-0.038386195499	-0.060391596302	0.456826744682	0.0	0.300908546852
-0.037254408337	-0.078269361671	0.453632703404	0.0	0.468453882487
-0.0368771045055	-0.0682299921229	0.4	0.0	0.5
-0.036410237752	-0.015303149958	0.386644048495	0.278796177779	0.387214598808
-0.036137075692	0.028833693768	0.399031192967	0.362786604656	0.406570384992
-0.035171015671	0.01202005779	0.381531895482	0.3	0.668109751077
-0.034706008569	-0.043113093002	0.41711241987	0.0	0.218452864009
-0.0346235730055	NA	0.5	0.0	0.8
-0.034449800812	-0.073493276016	0.493608764867	0.0	0.421754611502
-0.03441654673	0.002266407469	0.330689998201	0.288774431618	0.251524792078
-0.034166637867	-0.0636193875645	0.4	0.0	0.6
-0.033733729402	-0.040153829443	0.475099783853	0.0	0.263337880698
-0.03330073032	-0.068727608378	0.469563494088	0.0	0.357337811826
-0.033110219658	-0.00488083005	0.299692004379	0.3	0.352159246566
-0.032893711964	-0.058267039585	0.483577293104	0.0	0.41633797723
-0.0327368185405	-0.05976366782	0.398298341863	0.0	0.522541463523
-0.0326181286759	-0.0524360725857	0.476452713192	0.0	0.811523931219
-0.032364197579	-0.057024420098	0.354297591084	0.0	0.571854777623
-0.0323581328962	-0.0292790885906	0.4	0.1	0.5
-0.031987554961	-0.013576712353	0.349603562901	0.374873532359	0.16373007614
-0.031963768809	-0.003613266298	0.38604182638	0.217936700356	0.374124205501
-0.0316952909075	-0.06202458688	0.412383424199	0.0	0.23998939999
-0.031377497488	-0.010279712441	0.341611681198	0.282155328575	0.429736500018
-0.031090855956	0.020791061256	0.39025449731	0.3	0.554144630927
-0.03081701634	0.004338291726	0.367008209104	0.372833656311	0.348793429473
-0.0306437956702	-0.0528646267002	0.365615065545	0.0	0.613225920047
-0.030538751828	0.005143113335	0.329248657709	0.221541929062	0.707626446789
-0.030519737653	0.012251257911	0.36158918461	0.287604174256	0.842504545778
-0.030519586179	-0.002479772003	0.305307999197	0.29291203394	0.151493557967
-0.030161251145	-0.008570481468	0.3979914071	0.212137065789	0.375267267449
-0.0300799957716	-0.058968134475	0.4	0.0	0.4
-0.030034927878	-0.061385574906	0.424417563742	0.0	0.313129358237
-0.029782712514	0.001553073575	0.345922890723	0.246121936066	0.524851901197
-0.029741170781	-0.004900303622	0.368977492377	0.3	0.258951422561
-0.02918973348	0.000326985302	0.379197694508	0.394307502515	0.328654835217
-0.0290823682455	-0.064315682194	0.412546724086	0.0	0.594243096645
-0.028694927135	-0.007580825462	0.399703020148	0.39865575161	0.189850532701
-0.028480219816	0.005749383144	0.331377962544	0.211754472243	0.7131533255
-0.0282912173763	-0.0548291896303	0.429603048262	0.0	0.707239664503
-0.02797457507	0.015225710118	0.360024552834	0.307776422717	0.434127732102
-0.0279634762	0.016099402299	0.354524704431	0.299528780202	0.687298705724
-0.0278131301163	-0.0218847618695	0.4	0.1	0.6
-0.027746810612	0.001629877917	0.393058049744	0.260494932334	0.511699768235
-0.027387403649	0.033205791145	0.397917666078	0.313442660262	0.509732692981
-0.02732143955	0.017224986217	0.381225023074	0.265750968554	0.381318619154
-0.0272460854219	-0.0513967429026	0.4	0.0	0.3
-0.027242322171	-0.06038283107	0.452973252407	0.0	0.295287784491
-0.027105371665	-0.013275422771	0.37329592072	0.208663502918	0.50174349189
-0.027035995331	-0.00739876033	0.342375674624	0.376105341964	0.198041350963
-0.026938558408	0.014079395307	0.391932817923	0.248855127588	0.63488909486
-0.026766976053	0.012267156964	0.353920654709	0.3	0.269749540486
-0.02649222673	0.016105062567	0.371295216762	0.23367224315	0.527319436877
-0.026391184804	0.021171493561	0.299190640406	0.334650769306	0.515710962957
-0.026327600305	0.000460929763	0.393838476107	0.3	0.721423107191
-0.026256388825	0.003838553838	0.322278389702	0.235175643569	0.512463865872
-0.02611260483	-0.005403356771	0.297407303204	0.396136305913	0.289351309574
-0.0260039953	-0.015739016143	0.347438385215	0.3	0.433872508239
-0.02595912565	0.009828374062	0.394377146289	0.349399623416	0.10515618383
-0.0257577654485	-0.056827777711	0.355055965409	0.0	0.42054500909
-0.0257139033055	NA	0.5	0.3	0.6
-0.025696968962	0.007632600722	0.331382396069	0.26057135966	0.57602830747
-0.0254007023098	-0.0533900539445	0.428149078353	0.0	0.774435432088
-0.0253738025804	-0.0396543172512	0.38048910889	0.0	0.758013832915
-0.025085963932	-0.024519135578	0.37285400786	0.210735547422	0.108207659948
-0.0250459835608	-0.0379329292853	0.306096776379	0.0	0.477885458058
-0.0248307283763	-0.0467483986229	0.4	0.0	0.7
-0.0246513903107	-0.030868350083	0.4	0.1	0.3
-0.024520443968	-0.004303591761	0.369350991201	0.235939389658	0.356788780121
-0.024302322917	0.003297369329	0.318947745958	0.233040849098	0.414014265923
-0.024291554446	0.013004267256	0.312688715658	0.226261345333	0.545709778642
-0.024208604914	0.004454104595	0.321236942442	0.3	0.381846943074
-0.024087349477	-0.024969560823	0.375637903011	0.310129602073	0.358725426166
-0.024009624814	0.007223996624	0.35441679364	0.3	0.29612382005
-0.023992578664	-0.02587890134	0.380803355962	0.224105555889	0.226535579471
-0.0238256715187	-0.0463909643115	0.354218123984	0.0	0.666784266274
-0.0237437302847	NA	0.5	0.0	0.2
-0.023622614842	0.017031258002	0.351510149735	0.38473903961	0.649712169943
-0.0235557235915	-0.05020212297	0.434228600323	0.0	0.407125371275
-0.023352498858	0.005871766886	0.28171015194	0.3	0.484689315374
-0.02321929683	0.002541794483	0.268973740653	0.381650112019	0.428287281483
-0.0230985320597	-0.0592311219507	0.409973071929	0.0	0.658862178453
-0.0230557776223	-0.0440923702497	0.359246937312	0.0	0.707667959732
-0.023044029074	-2.6408071e-05	0.289377498594	0.232053142624	0.470480844527
-0.023029527113	-0.004541602751	0.370778558049	0.37542883592	0.287408289607
-0.022996927006	0.008178033799	0.394858804005	0.342541073135	0.334431476206
-0.0229880147737	-0.0334266802577	0.317158884094	0.0	0.5120073325
-0.022913491327	0.003611883037	0.300335795149	0.21176296354	0.692426508439
-0.0227843085491	-0.0481645148481	0.379901177325	0.0	0.628644895184
-0.0227009379904	-0.0328001092112	0.280559374922	0.0	0.472384960437
-0.022642809254	0.014437908765	0.316618645626	0.306954305789	0.776218464887
-0.022522487012	-0.018851182289	0.414619871271	0.0	0.132696028771
-0.022339137706	0.024193717104	0.338491354928	0.37983153779	0.697860274446
-0.022229870997	-0.003879511835	0.330807199464	0.258061254815	0.386360000118
-0.0220106684569	-0.011005455711	0.4	0.1	0.7
-0.021863807947	-0.001342009953	0.394886780856	0.288973162074	0.0226323557415
-0.0217688257233	-0.0361650609187	0.324204774463	0.0	0.623960993549
-0.021714291211	-0.002043772435	0.351123826781	0.222988244323	0.500691343302
-0.021432534016	-0.02124511791	0.335598790437	0.275351553715	0.17192924935
-0.0213516171905	0.0078740206732	0.4	0.3	0.4
-0.021302260148	0.015672949606	0.335044442174	0.309048493921	0.596124396131
-0.021279932378	-0.0414175589887	0.435782218128	0.0	0.807229028352
-0.021092470646	-0.013910508656	0.352817077112	0.3	0.0378485566731
-0.021026537269	0.022453896833	0.351594788926	0.38856185399	0.722165979694
-0.021024298261	-0.002000776862	0.395751055167	0.352158744868	0.359971912109
-0.020999878611	-0.002851809977	0.338351984618	0.227125095706	0.34249284108
-0.020743311642	0.006147695458	0.282942846364	0.218125260928	0.570396748027
-0.020602225509	0.015679407548	0.340850848309	0.325236111392	0.575790863683
-0.020552566149	0.021987731555	0.27556867651	0.342471654794	0.399694221571
-0.020492233578	0.002513169914	0.358867092889	0.206187209879	0.484611529242
-0.020274919449	0.0214660844	0.396738473535	0.365051449344	0.310701373936
-0.020206474051	0.036920421281	0.372941044344	0.275161726373	0.690197911679
-0.020076821532	0.02045923857	0.342253919447	0.306997073225	0.644791704001
-0.019951142436	0.023408864445	0.386684061442	0.352411574223	0.209593940814
-0.019861190792	0.001837327554	0.363666932386	0.209691055513	0.359531789758
-0.019809815351	-0.006082045633	0.242301629472	0.202002621881	0.46148374055
-0.019784082558	-0.028868529627	0.330644555325	0.293441445146	0.0423782020432
-0.019683967811	-0.0330088642601	0.317415889054	0.0	0.702553609782
-0.0196521791039	0.0173800603886	0.4	0.3	0.5
-0.019460464657	0.011234631847	0.343636982962	0.26239683766	0.781503113432
-0.019406340133	0.01632612662	0.381581820169	0.3	0.284669825407
-0.019320706566	0.011476593567	0.275806410177	0.299654677491	0.450702735426
-0.019221992972	0.004151935353	0.352554812996	0.315562872805	0.0692698021817
-0.0191279116527	-0.0375490232279	0.4	0.0	0.8
-0.018865552234	-0.008710835972	0.322092703294	0.3	0.195406543014
-0.018690338123	0.002853328488	0.336935690616	0.3	0.353457787003
-0.018640942519	0.00654640466	0.278204544535	0.294615323419	0.29036718883
-0.018581216519	-0.033227554845	0.324175983973	0.0	0.461354485799
-0.0185579946616	-0.0267961556425	0.3	0.0	0.5
-0.018401337679	0.011875055449	0.357532243971	0.234337412462	0.698562098782
-0.0183519468891	-0.036270693064	0.3	0.0	0.6
-0.018331990847	0.033557010268	0.339005268974	0.362478348916	0.304887112376
-0.018310261942	-0.01228743614	0.357908900562	0.247280118584	0.201872550564
-0.018229021406	0.018268581951	0.321285711913	0.315950066916	0.90291280337
-0.018184650943	0.024705841338	0.304652626858	0.341155279572	0.505982810239
-0.018115708608	-0.00720886669	0.220292554237	0.300782907218	0.0196601751516
-0.018088771461	0.017695177304	0.34364366761	0.365845109455	0.46597056505
-0.018046959789	0.021109861792	0.244225255152	0.373714910844	0.454071033622
-0.018025317491	0.005074218363	0.326317741293	0.261542436433	0.442846534626
-0.017983326487	0.0184243301653	0.215512657402	0.315532306834	0.482982771578
-0.017942719584	-0.025986256768	0.4	0.1	0.2
-0.0178540610175	NA	0.41	0.0	0.22
-0.017799961101	0.014266894244	0.377112923242	0.212999299943	0.909139341472
-0.0175343817781	-0.0338084846354	0.296316083781	0.0	0.519421526709
-0.017418712914	0.037544793156	0.34300168766	0.399029433236	0.661906102078
-0.017331765663	0.014750754011	0.370739793606	0.362451487912	0.71539634935
-0.017292197377	-0.010203262033	0.329062079148	0.135406449153	0.137900389095
-0.017141706963	-0.009168977802	0.305883229225	0.275194472551	0.020873788972
-0.0169368908947	-0.0325974409005	0.3	0.0	0.3
-0.0169354366753	-0.0310649902241	0.473296874546	0.0	0.894448858595
-0.016908403012	-0.001507105433	0.366984092038	0.20244307947	0.288004726452
-0.01687225577	0.003683885388	0.244276468288	0.366196507455	0.674294890912
-0.016859659728	0.016766297251	0.274655817479	0.3	0.569057780824
-0.016841599966	0.024307472809	0.358154058669	0.3	0.695805159612
-0.016834764452	0.011728573585	0.258887843044	0.3	0.465795266375
-0.01683138096	-0.01322285488	0.351726656517	0.348950029558	0.111153637448
-0.016820749873	0.00646478155	0.250380833495	0.380255039094	0.25871321437
-0.016764421821	0.00843112118	0.253238232346	0.353076501418	0.317268611011
-0.016741914585	-0.008201309256	0.339941049992	0.247353069619	0.22127481965
-0.016668587918	0.041733617646	0.388241704612	0.389078520543	0.765103913913
-0.016605244118	-0.006059674828	0.320207975337	0.209218314048	0.24434745894
-0.016586806772	0.026564893611	0.35985447531	0.396003963162	0.21168344798
-0.016578663671	0.002933173442	0.365967407263	0.3	0.220499799252
-0.016566592532	0.015487715538	0.288944105934	0.266231650301	0.620588769944
-0.016500705185	0.000760813824	0.316047931412	0.342616102227	0.417168573758
-0.016481325614	0.005595047536	0.383069557916	0.3	0.250306365135
-0.016432217873	0.00786659176	0.2476409591	0.255148273014	0.469668447992
-0.0164236014387	-0.0289111572719	0.4	0.1	0.4
-0.0163682182517	-0.0312129953045	0.3	0.0	0.4
-0.016363892506	-0.006439996935	0.267467694331	0.320547486525	0.0782455830121
-0.01635395113	0.005194266492	0.399187579746	0.299313253714	0.384171852361
-0.016334648345	0.029214541505	0.397647728716	0.3	0.594617502621
-0.016294375603	0.004172065092	0.331380543483	0.282277161755	0.222282393385
-0.016287136223	-0.007326361129	0.252690098416	0.3	0.167726760073
-0.016222936997	0.026972055792	0.317323817522	0.30923755933	0.704945277037
-0.016209269804	-0.005312013423	0.221659312794	0.257143240098	0.137849766772
-0.0161239685595	-0.036201945212	0.307342340283	0.0	0.407281015584
-0.0161120531136	-0.0289494127328	0.280070872013	0.0	0.418593636225
-0.0161048063471	-0.0277259498651	0.443391780363	0.0	0.875519367735
-0.016076775553	0.018097574636	0.310440059275	0.3	0.261201237223
-0.016048730064	0.01158620798	0.361528699124	0.340383985627	0.455883474237
-0.0160278387614	-0.0302695247182	0.341222068291	0.0	0.794870181063
-0.015988426013	-0.010370603122	0.233760876514	0.217953948656	0.140675217215
-0.015940643896	0.011258112388	0.355783302631	0.3	0.266555420681
-0.01591775264	0.014516674429	0.393443954411	0.201510116946	0.737245689434
-0.015847835958	0.018270506587	0.38990968515	0.283037258772	0.44177026365
-0.015832607673	0.013162030001	0.319685427697	0.318907339927	0.435166314249
-0.015708171394	0.018275476135	0.393438509461	0.258437004742	0.599697610285
-0.015693166753	0.006492578587	0.267688593354	0.261340887341	0.472470230171
-0.015686114882	0.000766276207	0.259422573856	0.216166409323	0.439391463412
-0.015590706214	0.015818003583	0.353732908947	0.3	0.327621756666
-0.0155586737608	-0.0394387235499	0.4	0.0	0.2
-0.015540216251	-0.001208805044	0.316801000156	0.298605375258	0.249601232158
-0.0155275428022	-0.033934351222	0.270158571098	0.0	0.368998381488
-0.0154925470329	NA	0.5	0.0	0.9
-0.015432316857	0.030343979874	0.280708446227	0.299777593749	0.606610070776
-0.015423907398	0.002733658213	0.242402838729	0.27945224744	0.144391761009
-0.015418131948	0.006361006764	0.355163735348	0.279749861766	0.584805007619
-0.015397917206	0.007188803029	0.304159963127	0.321636253331	0.357900732051
-0.015349242038	0.032789805367	0.344011506765	0.308665848683	0.661127612248
-0.0153411908454	-0.0232888649757	0.273264438935	0.0	0.772600778145
-0.015310741888	0.0171138925359	0.203729133337	0.36737347964	0.381202711269
-0.015281788212	0.013382009045	0.306189971268	0.3	0.410320378172
-0.015269260566	0.021675077806	0.330425245933	0.271513085189	0.501253186338
-0.0151996455324	-0.0320432496239	0.337444005916	0.0	0.718943310958
-0.015160324026	0.017871633542	0.319486657804	0.3	0.504044676287
-0.015119128864	0.016686018049	0.310085512956	0.3	0.671071510845
-0.0150817016858	-0.0306762688444	0.287138406428	0.0	0.426628422592
-0.015042237752	0.008155922556	0.383709653826	0.242146505662	0.0561628752574
-0.0150235178687	-0.00210555828518	0.4	0.3	0.3
-0.014983896151	0.008273186635	0.295214053296	0.3	0.422494442736
-0.01493499442	-0.021412484838	0.398633508288	0.329602339623	0.0694916265081
-0.014840358503	0.021854502978	0.351851623753	0.341302714744	0.56921926624
-0.01477908264	0.014283974762	0.224421308117	0.322472545833	0.598365872201
-0.014775276789	0.02172094961	0.35165458358	0.248484612378	0.485509215578
-0.014691605956	-0.030061136669	0.3	0.0	0.7
-0.01465096317	0.014609199556	0.348568262353	0.251585195591	0.656271109109
-0.014627640621	-0.000783507332	0.275793538362	0.3	0.47421980539
-0.014614615617	0.011209828172	0.288553553388	0.3	0.681154985289
-0.014602391569	0.020338682103	0.302795467904	0.325030732417	0.468414829793
-0.014572712189	0.009120282331	0.299872136512	0.3	0.195231106935
-0.014556594027	-0.012425284786	0.301974659854	0.0	0.192709615018
-0.0145148672763	0.00486090213865	0.4	0.3	0.2
-0.01446639545	0.016727554622	0.331319646998	0.3	0.647290958642
-0.014443464746	-0.0340471793311	0.316786848292	0.0	0.679978599405
-0.014434798683	0.009157487265	0.258220516851	0.27683587359	0.535903167224
-0.0143747786	-0.017850503453	0.389756865169	0.247709827013	0.305863922708
-0.014340033201	-0.00667934809	0.323913953943	0.3	0.297640359364
-0.014334748998	0.030488350682	0.389641331125	0.279269970938	0.620821107026
-0.0143343307353	-0.0239755156779	0.235074035468	0.0	0.478722879829
-0.014328898345	0.010038108984	0.350143360486	0.264363591135	0.476363370431
-0.014129893792	0.021217159951	0.283822422474	0.368737842931	0.273493578487
-0.014089657144	0.013827822321	0.295889943191	0.350169968844	0.783783799649
-0.01404282615	0.017193554666	0.279166490774	0.399678261003	0.127647732662
-0.014006699983	0.018352688085	0.305854871179	0.389001295511	0.305060457118
-0.013985299523	-0.00592231300326	0.3	0.1	0.7
-0.013950551616	0.025538992667	0.326119123687	0.2987254479	0.712813946061
-0.0139385857855	0.000312580941333	0.4	0.1	0.8
-0.013922770696	0.015334218445	0.327374464668	0.3	0.364716890721
-0.01387880354	0.006947680654	0.372397940877	0.218975973521	0.773270818648
-0.013865309346	0.000372344093	0.222521374698	0.3	0.180418811051
-0.013863254624	-0.012694129888	0.336265414604	0.281312126832	0.252043213837
-0.0137992136633	-0.0244751434325	0.29908697978	0.0	0.723307526094
-0.013757585101	0.006508046658	0.336890396657	0.301969276745	0.380480031538
-0.013706734607	-0.008774788216	0.314766187284	0.3	0.086063074547
-0.013696372318	-0.009846488227	0.39819593063	0.27555077158	0.302006798986
-0.0136844087726	-0.0050515902444	0.3	0.1	0.6
-0.013661666902	0.020019970663	0.262729210873	0.284079148725	0.75609660487
-0.0136238412971	-0.0225958128651	0.3	0.0	0.2
-0.013522978117	0.020617450128	0.264070148424	0.398448300961	0.395920962379
-0.0134642878824	0.0220236746942	0.4	0.3	0.6
-0.013339162659	-0.00598152102	0.229982513189	0.208465956856	0.0569829991706
-0.013303227576	0.0214276161298	0.253654504306	0.246893454707	0.640824652475
-0.013251484884	0.039101438352	0.303342851817	0.381480577706	0.563127756226
-0.013238115373	0.00991092681	0.298404689356	0.204771063228	0.483667735856
-0.013208123983	0.009613676687	0.242499446949	0.30997422027	0.633364641293
-0.013185655159	0.000512523886	0.263756867472	0.349260054359	0.152840648341
-0.013143172853	0.019871021094	0.32427802509	0.240197174756	0.871262237045
-0.013141550635	0.000721194351	0.311756490144	0.393957801309	0.31396911553
-0.013122030327	0.008235567035	0.235339280806	0.231484551018	0.449599159107
-0.013119282435	0.026284171638	0.367255411909	0.3	0.62529484081
-0.0130785978163	-0.0251262857751	0.451510703467	0.0	0.907240424903
-0.0129755620162	0.004329192273	0.200352661031	0.316015322629	0.153508113092
-0.012945472767	0.000883310746	0.23053091374	0.214178375234	0.358426653211
-0.012921933257	0.0215671662241	0.239310834922	0.285132177097	0.784124532434
-0.012919427905	0.014583303646	0.245801009757	0.321070244386	0.35446379127
-0.0128853459365	-0.028152534337	0.31902084042	0.0	0.060938379523
-0.012850546505	-0.000361775717	0.235179015928	0.271046784635	0.277797035602
-0.012783594458	0.030081053555	0.371676387023	0.335110222488	0.564560321946
-0.012754217869	0.039037323321	0.341403308879	0.345337704266	0.729482686708
-0.0127416903456	-0.0098749753748	0.3	0.1	0.5
-0.012667346608	0.003739066726	0.231301130143	0.334543572789	0.416995599743
-0.012643161707	0.02250087194	0.336900025038	0.210844784145	0.846248750001
-0.012635643211	0.007740610569	0.229776095811	0.252776598057	0.389939209326
-0.012600559259	0.012323215362	0.293874389919	0.3	0.768594998558
-0.0125848384138	-0.0183250934904	0.237732513838	0.0	0.442723263687
-0.012579967959	0.007794844185	0.261921796205	0.3	0.123291500211
-0.0124700398737	-0.026442584872	0.393246689038	0.0	0.863118376527
-0.012430694804	0.012529131236	0.300082973839	0.376904062922	0.331494542773
-0.012348400752	-0.009106610906	0.289720327665	0.249854891465	0.0317191943622
-0.012327431525	-0.0171957586561	0.239266075809	0.0	0.331374056
-0.0123123179178	-0.0149727943772	0.3	0.1	0.3
-0.012305829645	0.026090811897	0.352522963441	0.249320815013	0.633759206378
-0.012303320266	0.032795501949	0.318491554302	0.375382021936	0.694924001974
-0.0122938940173	-0.0217450711249	0.375595504735	0.0	0.851042064642
-0.012286694721	0.020491682259	0.229525461375	0.268017099576	0.569197006685
-0.0122487090085	-0.0145318519327	0.2009435643	0.0	0.319923219611
-0.012238995266	0.026720447262	0.307862860158	0.355280928536	0.615080110232
-0.012236671795	0.014680731959	0.323366530783	0.278757899174	0.358837388801
-0.012197617742	0.02771456656	0.254984247933	0.383439752145	0.563805119796
-0.012099653379	0.027605546635	0.343961559978	0.391705298177	0.545742269187
-0.012089882609	0.018762225195	0.2807250778	0.25249770244	0.755962584372
-0.012027380325	0.011142191	0.252964392502	0.3	0.553306386478
-0.011994046648	0.021395691342	0.243406444997	0.294443938112	0.782751262784
-0.01191044382	0.028510435636	0.366831121707	0.234114972562	0.861224376612
-0.011777173319	0.013412488701	0.235536211873	0.334338854746	0.371235322094
-0.011748547679	-0.0079213487904	0.3	0.1	0.4
-0.01172607049	0.026020986638	0.375873117661	0.350273239545	0.835753890915
-0.011675366787	0.017490259455	0.240613369425	0.347923949165	0.687325304309
-0.0116272651343	0.0007725729884	0.202627752162	0.20973113313	0.232598825431
-0.011607721397	0.020652491032	0.342808918108	0.3	0.393866971373
-0.0115854117806	0.0308709699139	0.4	0.3	0.7
-0.011576060913	NA	0.5	0.3	0.5
-0.0115449829	0.003967578062	0.299159115525	0.258022920595	0.501258264659
-0.0115066431446	-0.0225917205706	0.3	0.0	0.8
-0.011480872557	0.027452440291	0.357582043294	0.358845653889	0.453994688844
-0.011474293185	0.026280007455	0.373281371303	0.364982637544	0.58789517118
-0.011437810528	0.0127780681012	0.219472574632	0.3	0.555802114404
-0.0114261269634	0.0147895948773	0.271482011854	0.20509783852	0.898759495308
-0.011325326002	0.02599831393	0.386078221083	0.364456404551	0.797933517371
-0.011321469966	0.005405990606	0.338454908199	0.28066953579	0.552837958
-0.0112946801159	0.0179977251434	0.3	0.3	0.5
-0.011230948539	0.002411251897	0.289892960102	0.201096020089	0.521937792166
-0.011194380509	0.022588827114	0.300081954628	0.220235845799	0.599908682721
-0.011127915627	0.008850745566	0.350864595529	0.208464842387	0.667321971264
-0.011090976617	-0.026251000519	0.403836387666	0.0	0.155626851971
-0.011071976124	0.007515128663	0.255454580683	0.367590558175	0.188058653495
-0.0110709339	0.035701926404	0.279840954426	0.378577951986	0.474791092916
-0.0110698423765	0.0074907306898	0.213977361936	0.215336073442	0.782711825654
-0.011069689886	0.010021097068	0.230942013946	0.392915889844	0.127279143342
-0.011067405741	-0.003570641687	0.264070823827	0.328878734043	0.103802789601
-0.0110550224111	-0.0221303854005	0.21808498917	0.0	0.464007802625
-0.0108521879069	-0.0244182607363	0.271437538825	0.0	0.377067511903
-0.0108348296029	-0.0247630444487	0.282125359306	0.0	0.607043396889
-0.010798010005	0.027712795983	0.276911018886	0.372460607308	0.311719196975
-0.010780580831	0.026455137326	0.302938051233	0.328317910221	0.575000167633
-0.010774040583	-0.008300728422	0.325957398472	0.201990978464	0.0891868478533
-0.010753688022	0.01309413468	0.375425537945	0.26470913687	0.613124801509
-0.010753482612	0.002981691383	0.327010479203	0.241995039639	0.223758725065
-0.01069853132	0.009015529204	0.342361988807	0.222447466931	0.74451803025
-0.010684659981	0.017241148992	0.236033313203	0.311010246881	0.383342849359
-0.010649574318	0.0149609350133	0.277223761013	0.283347218437	0.892379173962
-0.010641731916	0.022370252047	0.353751496393	0.234560478387	0.730490800051
-0.010597824527	-0.004635024219	0.263592648798	0.293691321838	0.224917560981
-0.010574172409	0.0203132698867	0.228339150714	0.353616916489	0.815423752753
-0.0105253914498	-0.0155190556072	0.3	0.1	0.2
-0.010515366915	0.008458215724	0.302916851413	0.214814712267	0.655045303439
-0.01050057998	0.001526089091	0.253550858229	0.381326642075	0.15261771801
-0.010384700094	0.023046342523	0.342007810254	0.302770282894	0.939028423301
-0.010298669747	0.0221192616	0.287577411102	0.368867966617	0.86528570548
-0.010277166041	0.017544505937	0.376003292155	0.331410048549	0.643433465355
-0.010272043153	0.00197702729	0.328747401176	0.364165890409	0.148708454182
-0.0102309891799	0.0103692747272	0.201384594573	0.240181280057	0.766920565904
-0.010193064398	-0.0224500413533	0.277157371971	0.0	0.595374705023
-0.010171716713	0.0111874251728	0.244661890526	0.240378435018	0.64114248412
-0.01015453801	0.004423353559	0.326683974616	0.399972595156	0.210351769542
-0.010147840359	0.010025029111	0.312108155886	0.20745821315	0.806255411589
-0.0100649514604	-0.0176464184782	0.377685850805	0.0	0.898122844655
-0.010024007042	0.000942779725	0.36884922283	0.288167512139	0.0334159065964
-0.0100001879855	0.0099427673186	0.234782656236	0.280184654003	0.88147026788
-0.009955427154	-5.0572026e-05	0.291100607679	0.276865592845	0.361253606506
-0.0099513829705	-0.0214768158714	0.213134269569	0.0	0.204440605547
-0.009866447956	NA	0.3	0.0	0.1
-0.0098393210515	-0.0167327115952	0.200121727263	0.0	0.475160274575
-0.009782884269	-0.01394183127	0.359277535393	0.209005137457	0.209095983319
-0.009749189157	-0.023901310779	0.334060391058	0.264775944244	0.0174951706074
-0.0097450946755	0.0121567179584	0.211961510352	0.29187063209	0.629805816543
-0.009742244859	-0.011231874808	0.327415535384	0.3	0.222478319732
-0.00970592507245	-0.0186426951381	0.4	0.0	0.9
-0.009607402625	0.0214583153	0.358387392856	0.3	0.658173911564
-0.009589752493	-0.000424552454	0.272794014134	0.326735062786	0.27417642162
-0.009492690122	0.025680059014	0.308611939916	0.327954276827	0.788088097609
-0.009471247857	0.020453584128	0.25198569945	0.358863557279	0.515070238611
-0.0094568734625	-0.0206792884978	0.258147805783	0.0	0.564497708271
-0.0093767159971	-0.0002947040939	0.206188407996	0.307773035644	0.223746916744
-0.009356268002	0.027483078112	0.395537310388	0.300388165165	0.535072853505
-0.009340997223	0.026567552497	0.385389273936	0.306020795717	0.8517135272
-0.009330863325	-0.002826309535	0.344983435109	0.218741263797	0.0630470390197
-0.009310099776	0.017028575789	0.254916925408	0.276855913367	0.599093634757
-0.00930558954	0.015877072321	0.364845699783	0.243046406745	0.69422610376
-0.0092963672161	0.0071404411142	0.208928178242	0.220002901892	0.889513949541
-0.009279980793	0.003544579891	0.368806171979	0.331817685426	0.392179938834
-0.009230431054	0.011463326535	0.328511846067	0.234682703036	0.462027930998
-0.00920270442177	0.00786439333397	0.3	0.3	0.3
-0.0091965989661	-0.0025248788219	0.201175430121	0.3	0.00531578307043
-0.00916193966255	-0.0223822886296	0.253065004679	0.0	0.519257685156
-0.009092625859	0.021000061483	0.323051642905	0.304614731912	0.921154420662
-0.009066817751	0.012181576297	0.351719883631	0.28105329939	0.336032258662
-0.008980851883	-0.001568897449	0.25089909056	0.389301183694	0.18814665973
-0.00893695247925	-0.0266849970204	0.267425127251	0.0	0.544397184735
-0.00892933636	0.013508892177	0.359827375281	0.3	0.126241248952
-0.0089067528618	-0.0038824368218	0.209406003787	0.287022776993	0.122548273247
-0.008860055359	0.009475341187	0.291906296718	0.280210918196	0.608344143615
-0.008825962893	0.017498196304	0.31593604583	0.313799779014	0.910925115499
-0.008809253509	-0.007539587079	0.241135185949	0.234807239606	0.20433115845
-0.008805930447	0.001206302851	0.23541924052	0.399705303123	0.112091188628
-0.008753727664	-0.002557695466	0.24226846261	0.217590479128	0.353078171846
-0.008712199308	-0.005937004685	0.322325635928	0.312544986396	0.323251126308
-0.0087024496316	NA	0.2	0.0	0.1
-0.00869263091252	-0.00085897072486	0.2	0.1	0.5
-0.0086315451519	0.0001775880189	0.201125044399	0.269846153612	0.395987058899
-0.008619228745	0.011373415756	0.356283905562	0.272951039996	0.175550605549
-0.008569359033	0.0194838978383	0.209729822748	0.3	0.621252902834
-0.008469863312	0.016413852839	0.354652250562	0.217380058858	0.751118567291
-0.008406391065	0.013479946088	0.233035917934	0.343288913264	0.738271947357
-0.00840467063	-0.029281175257	0.455388967638	0.0	0.247338480526
-0.0082826747809	0.0205146701907	0.203919236159	0.309148614117	0.842087210183
-0.008273243704	0.006134429182	0.27481800766	0.3	0.099448705602
-0.008272833636	0.015060656228	0.253912717812	0.352723533105	0.255208154718
-0.008267739086	0.0157677176696	0.25040399458	0.3	0.77328732735
-0.0082049315318	0.0142577787942	0.205153224506	0.3	0.753146218081
-0.008187361458	0.0223528493004	0.218155007276	0.358558946044	0.549979316278
-0.008153633459	0.013824654997	0.231051657652	0.260529349776	0.436189164405
-0.00815214494	0.017436230345	0.269977598168	0.3	0.694039835461
-0.008144978237	0.01123198446	0.203315157344	0.390222775463	0.448154056695
-0.00806661458	0.021774035849	0.294917429691	0.39618672796	0.761651684933
-0.00806394658393	-0.0127993720854	0.2	0.0	0.7
-0.007992701028	0.010746694897	0.256841145783	0.229821613148	0.479763926556
-0.007972451317	-0.007730650388	0.300893035066	0.270222529375	0.220080454331
-0.007969683295	0.022803923669	0.272645016505	0.254049875927	0.651867263571
-0.007923492932	0.012891990338	0.290138814395	0.3	0.404035494531
-0.007858067909	0.021912441031	0.297833145359	0.3	0.456380037259
-0.00783930317805	-0.0240426659424	0.215328584363	0.0	0.16599511762
-0.007833244487	0.0277085179	0.350193649729	0.330628925114	0.622135160836
-0.00780077353695	-0.014546581407	0.214595065262	0.0	0.70613288311
-0.007787202265	0.008991854946	0.246832061134	0.28084847844	0.302850465471
-0.007759114799	-0.000510101758	0.223411593335	0.36612686872	0.252971632798
-0.00774520612362	0.0126033514956	0.3	0.3	0.4
-0.007736884824	0.026323979487	0.361223044765	0.34707243889	0.487505098412
-0.007721260778	0.007578925975	0.213730242243	0.3	0.229984428542
-0.007656780717	0.026068903917	0.329816527691	0.356541558228	0.597550448895
-0.007641403992	-0.00089895906	0.434115383447	0.0	0.0636689549118
-0.007625245635	0.0196507067829	0.274618458729	0.237764580729	0.82386240013
-0.007623821355	0.014210700292	0.35108582423	0.33305086778	0.154325658022
-0.007603561317	0.023679437448	0.304600812021	0.39295328662	0.379994417987
-0.007585436427	0.031604608375	0.3150819902	0.365291506607	0.35456468122
-0.0075366485456	0.002351638182	0.210430158977	0.3	0.3981581692
-0.007511924166	0.008287811535	0.267670762454	0.330206841142	0.128086843458
-0.00748820916	0.025978978757	0.286731198519	0.363938259894	0.602157819362
-0.0074770701373	0.0116140399543	0.223035221655	0.295972124141	0.912030510153
-0.00745636741495	-0.011531634609	0.221694381858	0.0	0.749560154633
-0.007437591505	0.029263328758	0.231988719819	0.371198528034	0.656501207792
-0.007406203107	0.012312277888	0.242615406937	0.232377049777	0.503784346901
-0.00736367312832	-0.0145389361386	0.2	0.0	0.6
-0.0073270128821	0.00442912926	0.204027415934	0.3	0.274273061462
-0.00731664232	-0.007509216542	0.279878023097	0.274601972183	0.296715777267
-0.007250792067	-0.002280111947	0.316051893743	0.255326097529	0.114416882303
-0.007250408283	0.029026426683	0.305349951051	0.32564670427	0.631932413292
-0.007245587459	0.037881915727	0.349640616047	0.3	0.825964811079
-0.00717217627	-0.002239647491	0.23373807823	0.273382732291	0.1873842813
-0.007156321423	0.006781652727	0.269608081924	0.3	0.196987490363
-0.0071539285082	0.006092632814	0.226872197752	0.3	0.916670694047
-0.007048820878	0.00638551356	0.291400159816	0.3	0.141408629429
-0.0070450596568	0.0123775869492	0.231415360554	0.214450289121	0.643246142242
-0.007015473806	-0.022309863601	0.377932000028	0.296512221821	0.10029797601
-0.006983252104	0.003914135332	0.267803960082	0.297249444867	0.161977980326
-0.006947000205	0.0116756234	0.232707579713	0.342983708166	0.612203618576
-0.006920337681	0.0211662314352	0.231742162102	0.294814727499	0.739799597854
-0.0068721420331	0.0041707825313	0.3	0.1	0.8
-0.006864789742	0.025304038692	0.334242068816	0.236472656622	0.727433823092
-0.006855458539	0.009373405881	0.26232992795	0.306289313815	0.201178313915
-0.00684213891	0.003647475268	0.256296814691	0.238262733261	0.284463490018
-0.006836939678	0.015099889097	0.271757581527	0.271516170402	0.730640879803
-0.00680789369877	0.029683561439	0.3	0.3	0.8
-0.006800355373	0.011347849805	0.342260941815	0.318125754774	0.444396785467
-0.006797006647	0.0166087275228	0.203730824945	0.322201006306	0.452048255382
-0.006787642461	0.017735960557	0.273620515378	0.374636390589	0.231288449725
-0.00672710753	0.015625492016	0.368147748639	0.351159222008	0.491006214452
-0.006712967974	0.011314104448	0.343177126944	0.288354720745	0.140170254171
-0.006682522451	0.015550834789	0.27714895343	0.331177547662	0.349706574828
-0.0066624334054	0.0029116040737	0.202238641985	0.257775504349	0.195459014573
-0.0066554710021	0.0032646567532	0.322319835056	0.249090031486	0.94176319957
-0.00662002452101	-0.0147270860887	0.2	0.0	0.4
-0.006579814136	-0.004979325069	0.360373580693	0.394704806568	0.202207589259
-0.0065751336375	-0.019998573753	0.380507435099	0.0	0.183676559118
-0.006543581331	0.011840171559	0.332332096812	0.376224634603	0.353952543527
-0.0064923975642	0.0042287300698	0.209712707037	0.257348710734	0.954052774203
-0.00645280017638	0.0257105634023	0.3	0.3	0.7
-0.006451843126	0.019525784968	0.323500202654	0.210846570473	0.563843723254
-0.006436418711	0.000565574155	0.318056338391	0.3	0.201297209809
-0.006348837731	-0.006365535482	0.221330918226	0.354434505297	0.126800737439
-0.0063420866258	0.0099809398451	0.286550859667	0.272617727924	0.943104663776
-0.006326080632	0.020525801755	0.328965056006	0.388705206992	0.336537861005
-0.006308224124	0.0174919962261	0.225536307812	0.31317254999	0.533501873604
-0.006292929708	0.003706401983	0.279353733629	0.3	0.399591388504
-0.006199803542	0.022082654036	0.206472115613	0.349819970452	0.825191573318
-0.00617972585017	-0.0106852942345	0.3	0.0	0.9
-0.0061562552601	0.0137150795737	0.27966555034	0.210315962061	0.953181101565
-0.006150756084	0.007536081672	0.22608322066	0.34078561746	0.0334118566973
-0.00610057188018	0.0128166917595	0.4	0.1	0.9
-0.006089515828	0.018872956463	0.316571559376	0.363989721666	0.945548944577
-0.00607857169569	-0.0115970254899	0.171497979249	0.0	0.714497010444
-0.006074758353	0.022875363888	0.239487254812	0.371102232708	0.386857660088
-0.005958887182	0.021060624019	0.287402023922	0.3	0.513968223413
-0.005950479181	0.021601475537	0.272819036703	0.375842982955	0.427407375149
-0.0059364668725	0.0159507139474	0.228159790955	0.250223574155	0.916124461433
-0.00591871193168	-0.00455357011954	0.2	0.1	0.4
-0.005915696814	0.026088006234	0.338146214945	0.230837674818	0.764211907902
-0.0058964285262	0.0051612738013	0.217970578883	0.209778313967	0.270352645931
-0.005888940747	0.017905926554	0.334673089473	0.30966144262	0.390035369927
-0.00588330075892	0.0218797792285	0.3	0.3	0.6
-0.0058757826523	0.0057488178532	0.210280695874	0.235213802741	0.315533463064
-0.0058735718241	0.0075390702567	0.267449085626	0.27344677533	0.958804125942
-0.00584288290571	-0.0124733174185	0.2	0.0	0.3
-0.005794176195	0.0191310007758	0.218377140821	0.270381774029	0.933926355825
-0.005792832934	0.000153990924	0.28733565605	0.3	0.154873898152
-0.005785748182	0.006930148213	0.302338659248	0.215937335497	0.0208279094642
-0.005779727916	0.011783614743	0.23589451183	0.3	0.182751976344
-0.0057520279087	-0.0039679851019	0.209743817054	0.368138335932	0.995307937686
-0.005731149793	0.011305508942	0.374919861371	0.205529990331	0.299873099154
-0.00570728889745	-0.0120255479423	0.213135216769	0.0	0.704820064727
-0.005656508903	0.033375644131	0.300645124084	0.357137551854	0.774563401092
-0.005656051832	0.005186036691	0.248010832454	0.316497292889	0.154155496687
-0.005618592477	0.027317157163	0.378710717066	0.263887847402	0.799719248638
-0.005605204264	0.025917059832	0.231424139339	0.307416077527	0.701531538049
-0.005532327891	0.029359778331	0.276756943866	0.314741756764	0.675651316768
-0.005520262252	0.0206660320832	0.22592755957	0.325818313926	0.756537573237
-0.005496803528	0.024788380567	0.298805230439	0.294732650735	0.469623976716
-0.005473067264	0.011155068449	0.307245961449	0.380302864262	0.0129159963193
-0.00541489217128	-0.00150135659044	0.2	0.1	0.3
-0.005406098048	-0.0110659908636	0.185590168507	0.0	0.423085598751
-0.005364266312	0.015234767636	0.329810521805	0.288967683631	0.891313368472
-0.005362839376	0.002439210565	0.386814144665	0.333745452061	0.0858708331612
-0.005347555123	0.023884310894	0.389869728569	0.3	0.798547597516
-0.005340720851	0.025219106918	0.327424181636	0.266216673423	0.917201324222
-0.005328805163	0.006490285926	0.326669045436	0.239694282871	0.458719951756
-0.00532215838801	-0.0114012533476	0.261072297692	0.0	0.883097838265
-0.0053173516535	-0.0146383925056	0.2	0.0	0.5
-0.005315028567	0.040767414153	0.343131160316	0.3	0.731903545804
-0.0051929274461	0.007544488372	0.221201147636	0.2281725515	0.875460795634
-0.005144982165	0.010331846298	0.320485419028	0.393390612374	0.970912036554
-0.0051415987569	-0.0087343848744	0.141021677155	0.0	0.494076988576
-0.005123052629	-0.001696388799	0.341905796291	0.332034703886	0.155833159146
-0.00510872457	0.021514583995	0.294303663947	0.3	0.7761668882
-0.005085043206	0.006791748764	0.288220550769	0.270034153722	0.241142552597
-0.00502713236656	0.00967473177502	0.3	0.1	0.9
-0.00502281668	-0.008329060692	0.391646351521	0.294448883867	0.180212595001
-0.00501990725761	0.0303653699785	0.4	0.3	0.8
-0.0049933800969	-0.0161191360672	0.193555750051	0.0	0.489910915196
-0.0049717207155	-0.0057476466759	0.178523100102	0.0529809416954	0.550995053818
-0.004963703921	0.009352603388	0.228655491341	0.37425925694	0.0159928318433
-0.004932905746	0.01983756961	0.309879886042	0.246642670707	0.70934573004
-0.004898662516	0.015465704782	0.285059880583	0.3	0.657126121643
-0.00487737910301	-0.00833106543376	0.183248657846	0.0	0.731138036181
-0.004872857515	0.008539561666	0.240274501903	0.353198257382	0.240155285337
-0.0048691389348	0.0225571745018	0.207708422244	0.320611192524	0.667087484483
-0.0048379432414	0.0063087733952	0.276468364916	0.3	0.996778640651
-0.004772428504	0.017482425695	0.326192120519	0.3	0.858130474255
-0.004742281573	0.043848233647	0.393322928669	0.392313864574	0.87087734565
-0.004733367025	0.030639149622	0.243428479538	0.35891048609	0.557364235354
-0.004724793248	0.01240777606	0.340550283086	0.388736954317	0.380087019977
-0.00471329605832	-0.00804248643237	0.216172767344	0.0	0.855242625944
-0.00468770479	0.009602432022	0.260926317181	0.3	0.253962694289
-0.00468718277144	-0.0097412107221	0.2	0.0	0.8
-0.0046815486647	-0.00145408923218	0.2	0.1	0.2
-0.00466932190788	-0.00923660327583	0.2	0.0	0.2
-0.0046641135422	0.0001809401501	0.217972611284	0.3276069483	0.987641613466
-0.0046353619735	-0.028395050101	0.470049273413	0.0	0.185929773084
-0.004593903262	0.031904535344	0.298623705828	0.220942783654	0.701329577264
-0.00453087373817	-0.00859493403392	0.337883963124	0.0	0.922447391624
-0.00452918591866	0.0111069011121	0.2	0.3	0.3
-0.0045043541124	-0.0097586532244	0.196568918608	0.0	0.613903820002
-0.0044897737458	0.0162183463346	0.218008552096	0.3	0.722405783464
-0.0044821313094	0.0049111275591	0.215045705848	0.395692563592	0.89712958694
-0.004415179182	-0.003544394845	0.227094579947	0.3	0.00944690777105
-0.004404440155	-0.022375758544	0.336982592242	0.240882795032	0.0738077287853
-0.0044026673996	0.0186493027275	0.210884513185	0.257779444138	0.815963421903
-0.004297372257	0.023656181067	0.349860897527	0.3	0.951537390739
-0.004269092647	0.006103613433	0.249517796316	0.318980410476	0.185192983971
-0.0042595917053	0.0086997027098	0.218347355302	0.221468857645	0.816593920967
-0.004240684206	0.009642394168	0.223635802919	0.395119918515	0.778376510498
-0.004220145201	0.0309344946409	0.223812183018	0.369105713438	0.739760281322
-0.004208903409	0.011002647858	0.336837535573	0.3	0.979083246081
-0.00418349027186	-0.0109402884712	0.345250673808	0.0	0.93417466162
-0.004178507981	-0.010982653102	0.274878553316	0.342214660898	0.0242011366656
-0.00417786920195	-0.0107492603578	0.330535169052	0.0	0.913988380592
-0.004154656387	0.0140886126353	0.207290435579	0.347944318014	0.524172867465
-0.004112638616	0.028316104151	0.368317622599	0.269835068439	0.751618912703
-0.004080001605	-0.0078711895592	0.145433909511	0.0	0.669934084468
-0.00403839346275	-0.00576198993608	0.474023432769	0.0	0.979431830161
-0.004017537851	0.022116766177	0.261988869033	0.277428671949	0.501424760362
-0.00401323976	0.035059406623	0.284613352588	0.369347242222	0.461065549288
-0.00401230719	0.004771349132	0.332623875296	0.267401373242	0.115721851482
-0.003988550089	0.023427939231	0.338496862219	0.286350232752	0.866576957047
-0.0039827160604	-0.0081025638618	0.235435443952	0.0	0.153531836795
-0.0039749684746	0.0118137445428	0.208811123817	0.3	0.532418367205
-0.003974504641	0.003016488907	0.239439158201	0.3	0.320557480611
-0.0039127858952	-0.0014571358107	0.202783073822	0.273509193779	0.0113318285645
-0.003897530124	0.012473249035	0.296451741263	0.35367133859	0.283945843322
-0.003863048006	-0.018844902494	0.39628009165	0.231054739999	0.15716115478
-0.003825107095	0.037146374483	0.377050741491	0.399349741898	0.774278715717
-0.0038223287248	-0.00612504831533	0.183250258775	0.0	0.845389151261
-0.00378212957075	-0.0092153969491	0.201005531633	0.0	0.523859379447
-0.003758825466	0.024448906054	0.367321410306	0.337039285747	0.581206341075
-0.003756718586	0.034436228049	0.290541908817	0.399271217541	0.446914916117
-0.0037402688902	0.0116359232425	0.20055866829	0.277055779726	0.177681131984
-0.00373994329	0.020203072992	0.346572353891	0.231927089746	0.774797443037
-0.003697472956	0.010516607581	0.307893379185	0.255456037787	0.0749079261743
-0.003681304033	0.015721119846	0.305893373789	0.283849169584	0.715350124562
-0.003676029498	NA	0.5	0.3	0.7
-0.003666148712	0.0225772393669	0.244169047283	0.37689981942	0.876964782388
-0.00366530170784	-0.00602700788879	0.23417768052	0.0	0.931111001489
-0.003628903494	0.020681130194	0.249901305053	0.3	0.391410991855
-0.00359441774977	0.0059719002018	0.3	0.3	0.2
-0.003575563669	0.025314362039	0.291562585474	0.3	0.237965779411
-0.0035715684934	0.017336226841	0.229622607775	0.286741702778	0.839588228358
-0.003545020096	0.043568968977	0.376798548843	0.361856324807	0.906435485761
-0.0035447727616	0.00532545258604	0.2	0.1	0.8
-0.003538713932	0.0177351332044	0.3	0.3	0.9
-0.003536041933	0.010905453987	0.259489814307	0.314124515596	0.0385668241269
-0.003522105595	0.016326671098	0.341550568035	0.322970089415	0.128343700454
-0.0034931021715	-0.023733446495	0.257932223316	0.0	0.138477832372
-0.003467522389	0.035299358453	0.39605081359	0.311432338651	0.910148422063
-0.003415914748	0.022876553837	0.347941341135	0.3	0.616969165114
-0.00337844428	-0.000244468941	0.381273094286	0.29234945802	0.21666555055
-0.003377145061	0.028561351696	0.37014025843	0.297883713891	0.845296528259
-0.0033531163397	0.0014397404299	0.201140296861	0.262921198022	0.123962903671
-0.003336849091	0.018733857256	0.286171462763	0.321945471374	0.442378866504
-0.0033011705035	0.0123053276723	0.210693958639	0.307090577164	0.858965103281
-0.0033009822721	0.021257584222	0.200852124309	0.214813371888	0.673412619032
-0.0032762266011	0.0195118036124	0.218578374843	0.291565060027	0.779050297555
-0.003274921807	0.01992665728	0.233588317341	0.293892441831	0.768882207691
-0.00326903211	0.017129010815	0.32213379879	0.205301226413	0.50184525734
-0.003237461668	-0.01482477112	0.369704017525	0.213851714521	0.268525735968
-0.0032270397605	0.0015930732081	0.293892313646	0.220017446778	0.989579756994
-0.00322217368	0.019640424733	0.229348799438	0.375515697304	0.36324183596
-0.003216965481	0.044069629577	0.353712789843	0.349730490316	0.722350876872
-0.0031995744442	0.0165454801859	0.2	0.3	0.8
-0.003193961734	0.000666735567	0.294373349907	0.274630049107	0.225352146217
-0.003193327979	-0.001445445348	0.330373411982	0.3	0.0275867405992
-0.00319189409487	0.0148974291774	0.2	0.3	0.4
-0.003140781544	0.017356524742	0.275252035497	0.303168012434	0.702405597396
-0.003138078192	-0.000428518339	0.303119749869	0.259031381681	0.161804935753
-0.0031246186468	-0.0027607542085	0.130514644585	0.0	0.118348918324
-0.003110768136	0.0197935884659	0.207097074775	0.369481490042	0.600918535149
-0.003086771662	0.017404195855	0.318058237224	0.254680263433	0.275072963134
-0.00303935709495	-0.0141995576735	0.203304657117	0.0	0.252008671963
-0.0030188163154	0.0112416081048	0.206518221731	0.221050677877	0.249139827569
-0.003014477254	0.018729006957	0.286134072202	0.340390401172	0.501795882334
-0.0029914322439	0.0076029127737	0.206009672882	0.3	0.0168710467443
-0.0029649471857	-3.34872898e-05	0.207004064331	0.293351590462	0.0400297797012
-0.002961913944	0.0104932566882	0.207027529356	0.341021877057	0.176881213759
-0.0029334336285	0.0034774330454	0.206078845074	0.20840993279	0.994935967208
-0.002859184754	-0.000332985169	0.345864068801	0.300390622468	0.232491192265
-0.002840075773	0.028485384771	0.261999606471	0.3	0.564826455306
-0.002832276387	0.028346089555	0.274532925852	0.38863260858	0.778087841235
-0.002823420312	0.007326023601	0.352809581853	0.248515444088	0.142003638822
-0.00276207044	0.016883984417	0.229436987944	0.290168895176	0.31158404182
-0.002754377589	0.025299838903	0.303782060914	0.269766633518	0.492241362699
-0.002719397478	0.016547727793	0.329224958657	0.3	0.486819797172
-0.00271439664297	0.0175438559383	0.2	0.3	0.6
-0.002713914183	-0.001278795315	0.320444931236	0.3	0.00167199255835
-0.00271223948383	0.0173733508069	0.2	0.3	0.7
-0.0026781565487	0.00428718030418	0.2	0.1	0.6
-0.0026307495275	0.011497567782	0.200731015541	0.3	0.599216717599
-0.00262370241	0.054289359473	0.384922012021	0.379837175586	0.617792297321
-0.002623510042	0.027411655977	0.242617279234	0.3	0.51185999905
-0.00261985569721	0.0157919077109	0.2	0.3	0.5
-0.002610342591	0.024809122101	0.284602236044	0.297223250952	0.712516137177
-0.0025918629405	-0.002836692334	0.222051284765	0.0	0.00213033740452
-0.00256034791046	-0.00437783227641	0.153465704343	0.0	0.793781036647
-0.002556021782	0.014305263852	0.25538285268	0.210786677353	0.520129840892
-0.00255463894596	0.0067021906561	0.2	0.1	0.7
-0.002553544654	0.006794280068	0.267934709847	0.211766988484	0.476814189301
-0.002552227224	0.040579838934	0.35492357291	0.3	0.33738385818
-0.00251072091204	-0.00398143308022	0.128488443124	0.0	0.765360255548
-0.002472119737	0.023053105079	0.38700078915	0.372490522484	0.377050087386
-0.002453454717	0.01612552709	0.232790495014	0.293255859535	0.429788996813
-0.00244192416858	-0.00398435520827	0.0988028680604	0.0	0.485275315308
-0.00237578047844	0.00189069819888	0.1	0.1	0.5
-0.002347704886	0.0008592507248	0.361888337899	0.212443419595	0.994475440535
-0.0023417794595	-0.021432654114	0.330595862833	0.0	0.145534716783
-0.002311960758	-0.00298410548	0.321977500662	0.282064609804	0.431603714455
-0.00230200513216	-0.0049199319019	0.121468751426	0.0	0.64403310005
-0.002297895991	0.013874665815	0.250710984898	0.302166068103	0.447070311295
-0.00229024140855	-0.00503809237102	0.2	0.0	0.9
-0.00227503204492	0.00078345423034	0.1	0.1	0.4
-0.00227409622	-0.015770028669	0.301327354412	0.204472283432	0.150534619628
-0.002266832139	0.0187286120159	0.269076803464	0.242092006353	0.858271605733
-0.00224945283914	-0.0023934312766	0.106827532001	0.0	0.601433436368
-0.00223858817943	0.0278318026394	0.4	0.3	0.9
-0.002231315908	0.026408722264	0.260755138187	0.31401642454	0.650673521369
-0.00223074694409	-0.00679190504384	0.174334296065	0.0	0.824656401165
-0.00222042601	0.000392281032	0.336280611454	0.375288227772	0.111528640123
-0.002208003333	0.02288924589	0.363767541692	0.258343690479	0.620515444463
-0.00218782517505	-0.00303441298609	0.151090692493	0.0	0.908359149643
-0.00218094564188	-0.00378581247268	0.1	0.0	0.6
-0.002173816258	0.021701761502	0.257532253347	0.3	0.372745222464
-0.002161188092	0.019779191929	0.316519851669	0.248291956667	0.773456222276
-0.00214257276765	-0.0055669964915	0.111350718146	0.0	0.258858710361
-0.002141645606	0.01755706193	0.446313369104	0.0	0.0197411811039
-0.002107427254	-0.021108485036	0.359113896159	0.235227593101	0.120918558752
-0.00209989583	0.013636101474	0.244960273963	0.224352631717	0.532526475096
-0.002035225955	0.018032166304	0.270180017286	0.220292358455	0.723089190263
-0.00200644666833	-0.00388288705293	0.279855119036	0.0	0.950359948487
-0.001997304774	0.023921335574	0.26337909171	0.326398116213	0.542889766313
-0.00195249413081	0.0154395223636	0.2	0.3	0.9
-0.0019175364168	0.0044766084961	0.230613547588	0.389609343732	0.963914893961
-0.001915222378	0.0128609238861	0.203887869441	0.3	0.244122517287
-0.001909079678	0.012959015092	0.279551278364	0.376363530473	0.111348163348
-0.00186795126477	-0.00284745566545	0.1	0.0	0.5
-0.0018643513445	-0.0007159532705	0.201544805269	0.301882292042	0.0541649004703
-0.00185910025794	0.00021337150246	0.1	0.1	0.2
-0.001858844092	0.028293840513	0.294004957562	0.3	0.497784932835
-0.0018320729915	-0.0023818228214	0.106299580304	0.0	0.0765577514766
-0.00176361909565	-0.0031114741736	0.0987422210185	0.0	0.157492621371
-0.001751639005	0.013655055946	0.227805554115	0.3	0.333900324488
-0.001716533698	-0.000763038797	0.320105640774	0.225344260374	0.412231406309
-0.001710800589	0.0169163021772	0.212533099128	0.252093622186	0.377507527038
-0.00169979125626	-0.00269382800289	0.196771212504	0.0	0.94344407604
-0.00169917898337	-0.00410102479277	0.0999749145718	0.0	0.526763383696
-0.001667279721	-0.007455610586	0.29903393429	0.333215966324	0.114331697545
-0.00166707936768	-0.00356169640545	0.1	0.0	0.4
-0.001617424882	0.017154672231	0.220494506632	0.3	0.389785303873
-0.001611057766	0.017480714675	0.343473353488	0.345338060344	0.915030717355
-0.00158582209471	-0.00184395550107	0.1	0.0	0.2
-0.00156426179	0.031709883877	0.31283563229	0.233882932864	0.776377527837
-0.0015549990411	0.010329981379	0.205414229127	0.3	0.446781071708
-0.0015266087897	0.0062623766737	0.205461963872	0.3	0.922161995564
-0.00150104910359	-0.00229745126869	0.100153116342	0.0	0.248121110806
-0.00148372445395	-0.00326461785271	0.1	0.0	0.3
-0.00148289149967	-0.00252217500643	0.1	0.0	0.7
-0.00144497456	0.017513445465	0.234224415974	0.321350338697	0.123256894943
-0.00143300384	0.024483107679	0.242204309765	0.3	0.618944894608
-0.00141950544849	-0.00233115135413	0.108372623252	0.0	0.808241989372
-0.001413521235	0.028315830306	0.359401541953	0.3	0.588602018883
-0.0014068911774	-0.0067772313047	0.117621695779	0.0	0.36021427946
-0.00137906654	0.027467927395	0.35506895002	0.33618252925	0.405871329716
-0.001377172073	0.0147497569514	0.229562214339	0.34466214293	0.929483173398
-0.00134575345074	-0.00457810595763	0.0859973496981	0.0	0.587442963524
-0.0013216977905	0.002524633298	0.232771934841	0.0	0.0885676745175
-0.001317631814	0.0250327914653	0.225109926802	0.254304244873	0.517339019784
-0.001307105893	0.0129738474	0.297347816757	0.372585075399	0.872014029766
-0.001305221906	0.018277272461	0.233321067607	0.257102019599	0.41718993658
-0.001295847499	0.020397214566	0.230608725511	0.308567554958	0.532909719063
-0.00127551262406	-0.00217509022639	0.200707710012	0.0	0.956472322538
-0.001175495114	-0.002379667404	0.28977673944	0.212821888838	0.0115238291137
-0.0011597912773	0.0129366225669	0.209898193092	0.371219850518	0.930880075943
-0.00112050619311	-0.0016882360302	0.0833432616957	0.0	0.790056143886
-0.001116230505	0.0251891071572	0.351518865805	0.246211318308	0.94818232364
-0.00109606351181	-0.00218434144052	0.220574357576	0.0	0.964602441027
-0.0010818215	0.024422950796	0.397577810259	0.244918473363	0.935490243135
-0.00108053903855	-0.00148036580997	0.0667027340207	0.0	0.654457407159
-0.00107028642056	-0.00230465320951	0.1	0.0	0.8
-0.0010139241698	0.0169258245475	0.200025426412	0.21313136589	0.837485169694
-0.0009935619116	0.011792180104	0.200589242193	0.3	0.329298450219
-0.000979456489	0.022090898732	0.295226819326	0.366535643722	0.449572338913
-0.000907992156	0.000596589468	0.333509545807	0.3	0.270953136956
-0.000900363530745	-0.00200926344144	0.0510081836321	0.0	0.454993171455
-0.0008921044446	NA	0.1	0.0	0.1
-0.00088639125656	0.00059641429002	0.1	0.1	0.3
-0.000878080333	0.026221166238	0.289942601462	0.32200231377	0.58923540032
-0.000869324337	0.006199705841	0.362953059017	0.3	0.373121529334
-0.000854286091785	-0.00129822035937	0.0501092303065	0.0	0.577043836112
-0.000812008759	0.011383409771	0.228870571244	0.359035567924	0.278623162212
-0.000793815268913	0.00241184554107	0.1	0.3	0.2
-0.000793484127776	-0.00135401009231	0.1	0.0	0.9
-0.00078928723	0.009180733076	0.222097268816	0.3	0.41450795796
-0.000763243458713	0.00665418721957	0.1	0.3	0.6
-0.00076106811674	0.006901609197	0.1	0.3	0.8
-0.000754048645	0.03098220201	0.365352547356	0.282318300503	0.488574184515
-0.000721364575775	-0.00185339814454	0.0825297637475	0.0	0.724586415786
-0.0006962770325	0.014441390291	0.143926111699	0.223088841025	0.844504473375
-0.000686461173	0.002521618083	0.237907499609	0.315877115287	0.0935316023381
-0.000670070348905	-0.0018058573084	0.1233843079	0.0	0.886498990082
-0.00063694314688	0.00756965418754	0.2	0.1	0.9
-0.000616973987	0.023436209245	0.305261039724	0.314816887662	0.674929651692
-0.0005784874458	0.0066236006582	0.17971903951	0.192036238541	0.80437348269
-0.0005761066459	-1.37200041e-05	0.208261511463	0.252042535534	0.305471535602
-0.00057391708822	-0.00134319213266	0.0387980015304	0.0	0.62381178012
-0.0005562914945	0.00456520311635	0.0860933384529	0.294531108849	0.828273955101
-0.000549992681	0.021630755745	0.342800618789	0.265834628092	0.640689354753
-0.000515027273	0.038900928554	0.315832270096	0.361245709411	0.720732381727
-0.00049137910378	0.00458892242766	0.1	0.3	0.9
-0.000449157842	0.000511622225	0.26030427813	0.31898935627	0.159242085902
-0.000414274636	0.019929339714	0.258038193295	0.358082938245	0.431837225723
-0.000412716607009	0.005538833533	0.2	0.3	0.2
-0.000407475942861	-0.00013870043947	0.401288931082	0.0	0.99759415134
-0.000364414024	0.014201341061	0.370626484451	0.344881529645	0.153001913608
-0.000311616165357	-0.000538159343503	0.0283566326692	0.0	0.293197124114
-0.000310035238	-0.002166431094	0.244272111528	0.224519350098	0.12648676189
-0.000276845317	0.002791126557	0.226918535492	0.364002364196	0.178409016904
-0.000220915353	0.006043873879	0.232229212703	0.261228852019	0.478350634792
-0.000215429946	0.014026339507	0.2773233355	0.253640028555	0.474225231106
-0.000208493576086	-0.000314481874159	0.0292115275501	0.0	0.557788275234
-0.000207420983183	-0.000768839747059	0.057306652409	0.0	0.878211043003
-0.000197193873	0.028043265072	0.24465265248	0.353724371764	0.684066347808
-0.00017084699615	-0.0045339660953	0.136373069332	0.0	0.295215483631
-0.000153814464547	0.00637423948905	0.1	0.3	0.5
-0.00013535864836	0.00769549083216	0.1	0.3	0.7
-0.000133150644886	-6.78849142929e-05	0.0264842083095	0.0	0.947760337414
-0.000100345865	0.010892392728	0.278340021248	0.286384139906	0.385920477212
-9.63754826505e-05	-2.8449170979e-05	0.0309224973202	0.0	0.327304946408
-8.9431440125e-05	-0.000164106840809	0.0220333460275	0.0	0.629246542543
-8.45263689525e-05	-0.000293581184429	0.0447279960489	0.0	0.868938669799
-7.412861146e-05	0.00427698812471	0.1	0.1	0.8
-7.3594952e-05	0.023836532763	0.390778989846	0.284633359814	0.59873155577
-2.24722453e-05	-0.0023975833481	0.094340750417	0.0	0.307111898482
-2.1442718e-05	0.033167656207	0.338395826336	0.337007435144	0.654307365345
-7.927425495e-07	-4.2647816e-08	0.0117323949819	0.0	0.0365222457359
0.0	NA	0.0	0.0	0.4
0.0	NA	0.0	0.0	0.8
0.0	NA	0.0	0.0	0.2
0.0	NA	0.0	0.0	0.6
4.34825796048e-06	-0.000139425005069	0.00727665886863	0.0	0.568055154568
2.6786556e-05	0.031233611644	0.227908283391	0.348096538754	0.567169391646
7.2443068358e-05	-0.00108162632238	0.0787526739061	0.0	0.874438735924
8.1003916e-05	0.015465003605	0.286757746311	0.33947498765	0.918633483025
0.000123314267096	0.000123681301879	0.00801452773098	0.0	0.703433482582
0.000144949823	0.009218304118	0.280326973069	0.345506544972	0.0357820413972
0.000151755124	0.023411598481	0.367896163575	0.267264207379	0.851082771111
0.000157200681	0.006103816935	0.277628412078	0.246102296771	0.0872785015595
0.0001785455436	0.0110160084005	0.33026055469	0.244215208705	0.973947723845
0.000198188365685	-0.00128677678623	0.0482099776375	0.0	0.570217774663
0.00020558622	0.0265943890925	0.211733620037	0.338351782272	0.56139485161
0.00022569151686	0.00044126903496	0.0352312451855	0.285341748397	0.151470311416
0.000231002969	0.043763251202	0.354127029285	0.318324700594	0.764537767574
0.000238553257923	-0.0004642319737	0.0396480074105	0.0	0.203743111742
0.000249750833	0.009561293872	0.377791523625	0.201085778559	0.253006319472
0.000250053065	0.027669353563	0.222139520386	0.39144481269	0.499035593715
0.000266684115	0.032252967799	0.289491184244	0.321704219771	0.863888657737
0.0002759398913	0.00332123445141	0.1	0.1	0.6
0.000281820918	NA	0.4	0.0	0.1
0.000312364338345	-0.000348137650263	0.045766802912	0.0	0.838436506464
0.000371956665337	0.00482312409855	0.1	0.3	0.3
0.000432845264011	0.00553657659162	0.1	0.3	0.4
0.000451674605	0.023506232111	0.381565817381	0.251346901527	0.852379867468
0.000457868487345	0.00041218346605	0.0596740977581	0.0	0.0621429287503
0.000458221656	0.014877722512	0.291026041221	0.21611126297	0.598998329828
0.000477490313	0.0221514666457	0.21934288505	0.292598808368	0.559206786928
0.000494825643	0.022604221879	0.348174756591	0.376107786305	0.319014504513
0.00051377584384	0.00453134810239	0.1	0.1	0.7
0.000542600321876	0.00375921280727	0.1	0.1	0.9
0.000583479827	0.0121607634854	0.201744694283	0.294289720768	0.755115898656
0.0006072922754	0.0095996252729	0.260908616303	0.283665922476	0.988749347161
0.000617859273	0.0137621979625	0.215916902519	0.26074100525	0.239628322814
0.000641960413	0.022233579092	0.253778409453	0.3	0.772694365522
0.000661016604	0.010753130041	0.24474511522	0.3	0.473267925346
0.0007391942025	-0.009724965996	0.23099205203	0.0	0.0318010804914
0.000754197087	-0.004081740566	0.299426634436	0.227701135857	0.110843702141
0.000788230624	0.035690776391	0.396585557241	0.39740691694	0.610364939608
0.000822393025	0.0294575699254	0.224517847591	0.3	0.676869046433
0.000847686473	0.0147339154357	0.212104344126	0.3	0.498925843849
0.0008795291435	0.0112485033686	0.213473870894	0.204813108408	0.236042149238
0.000884263194	0.005014149663	0.29994177514	0.331390945382	0.975986420589
0.000886080309	0.017378042922	0.29661945584	0.314495603645	0.355934742506
0.00090686033169	-0.00130031293589	0.0664027991936	0.0	0.162088167569
0.000927360827	0.034991004812	0.278991762291	0.363295616877	0.737386979686
0.000958628967	0.009321428271	0.281284688959	0.222250433668	0.631455463244
0.001021034455	0.026744146356	0.307448856608	0.26214031671	0.815584082758
0.0010324376274	0.0224073584952	0.251724162766	0.3	0.907349062425
0.001046087655	0.0297281730042	0.258037654962	0.3	0.853418131996
0.0010636137634	0.0044391043592	0.204522553466	0.386541481414	0.984855473913
0.001083297666	0.0307962261571	0.209052445367	0.392005210136	0.695534405824
0.001232447422	0.00459255564	0.346554356117	0.307126375434	0.997480068545
0.001250650733	-0.00611038651	0.389657231264	0.217408575261	0.0253279503848
0.001251310354	0.001910944867	0.216217620114	0.243229490451	0.134514949941
0.001262579892	0.039119771524	0.38010048371	0.313015338892	0.83256892672
0.001298838203	-0.011646971535	0.312364311025	0.284773800961	0.00264828296882
0.00136972524	0.007776311712	0.282129744282	0.357727110495	0.146418227913
0.001405863093	0.0227590715865	0.309346134704	0.226634730958	0.870105595621
0.001439676431	0.043783102828	0.283283656255	0.399449145394	0.828298826904
0.001460555936	0.001204544884	0.286114264619	0.20535070121	0.175511309534
0.0015889026911	0.014395771211	0.205990841277	0.215599098343	0.435357384204
0.001707895452	0.003015923395	0.222174394758	0.314099865786	0.153372667036
0.001714158387	0.022209387757	0.378955307359	0.257642862771	0.91125161051
0.001729872441	0.000366060599	0.272395317361	0.243251017432	0.0162133163632
0.001759701094	0.010944669173	0.247989563118	0.327971162487	0.278936711072
0.001786657321	0.025799375508	0.233466063736	0.302519558294	0.566289775537
0.0018386107279	0.013469527088	0.255660209318	0.320418517917	0.953200580638
0.0018727798598	0.0021217646599	0.201905772649	0.295223870684	0.232831425942
0.001900841244	0.0174970295965	0.205343693526	0.345925269049	0.25480963951
0.00199814451937	NA	0.25	0.31	0.87
0.0020411744456	0.0033810578954	0.258398133372	0.266050207765	0.991084999033
0.002113920102	0.020558329399	0.32564710835	0.257613538481	0.534652250245
0.002200872967	0.0294812849623	0.268520320943	0.32269728074	0.92664658063
0.002202640782	0.003064622612	0.321846965792	0.35932841429	0.186661245924
0.0023019899543	NA	0.251507152258	0.383668146476	0.999668847128
0.002324814311	0.02579856929	0.316085318425	0.326968626681	0.301031354933
0.002375418275	0.004753133598	0.378999497037	0.3	0.179252011863
0.002408072798	0.019227863043	0.230081940812	0.3	0.32356594854
0.002414286424	0.01599210835	0.397864593987	0.30399723217	0.875007562204
0.002424080193	0.00711130043	0.220163995084	0.3	0.339164932671
0.002509566004	0.028089527217	0.3792246764	0.26238361266	0.926201686082
0.0025468921497	0.0205712176464	0.27225411723	0.238810413708	0.901280512053
0.002608590267	0.016773827475	0.294571804844	0.351570711407	0.934398861875
0.0026721402897	0.0208061482597	0.289094975367	0.280964727724	0.95712684501
0.00270969362345	0.0018397074049	0.170609279996	0.0	0.0745519184605
0.002741626856	0.018417575355	0.363602449247	0.217761107033	0.805164799591
0.002761876248	0.0206658650852	0.272545940047	0.212992941883	0.921377619489
0.0028579173395	0.0096251188765	0.243788926243	0.281194230261	0.966689565705
0.002871072291	0.0234194207557	0.233093701475	0.3	0.710210799261
0.00302558769	0.0306400557369	0.237105790482	0.3	0.720837573294
0.003046652	0.013189291015	0.312551586619	0.390862917064	0.967477663345
0.003075859451	0.017501283452	0.339174589473	0.3	0.0944355381535
0.003119541946	0.03565253235	0.323988798253	0.338908206052	0.700597039282
0.003155480251	0.035868551144	0.397686806563	0.287223864947	0.906372759235
0.003218892686	0.009793253894	0.248596973052	0.269946264075	0.0265970321316
0.003234778927	0.001142663328	0.245920294447	0.271219441592	0.0429126452758
0.00324165639	0.02467823684	0.218776133283	0.384691477596	0.360773695942
0.003300848376	-0.007578197634	0.304276737527	0.2064306544	0.0264740547562
0.003370031074	0.020756040396	0.250496706148	0.339047682744	0.129213080099
0.0033848941373	-0.0006399095451	0.202611584935	0.3	0.0472062624386
0.003453334921	0.0152041335948	0.253646032636	0.200469103038	0.957183434014
0.003458695794	0.031458798044	0.341736039709	0.380295102243	0.841160999921
0.003508710916	0.023083577073	0.335536829847	0.23037571092	0.536886986021
0.0035548639164	0.0165325679254	0.268719742494	0.308866687863	0.955971047919
0.003625578268	0.039868841733	0.286492032015	0.3	0.584299370028
0.003654963543	0.012913715218	0.281782275631	0.382811738739	0.95665660544
0.003671228155	0.044391513906	0.351243746679	0.395415347704	0.658116216095
0.003851110322	0.00595590227	0.25367106955	0.396657396134	0.0761006241806
0.00400316610815	1.54763085e-05	0.130120186609	0.0	0.0933701187358
0.004006101164	-0.016018815044	0.396560988463	0.3	0.21246352059
0.004124081532	0.03390482158	0.225601076061	0.338640771127	0.680102040648
0.0041619244671	0.0091833807622	0.210935797128	0.273914197514	0.96102199857
0.004214418656	0.024082847563	0.39904097232	0.213481293105	0.949315384229
0.0043097535475	0.0200948568091	0.217385498497	0.319198010284	0.826283439267
0.004315368867	0.014186332039	0.241987062642	0.38192412556	0.064802891432
0.004331813594	0.0256806303015	0.236947819558	0.326387131345	0.745782324827
0.004352768822	0.005358420093	0.254558201483	0.3	0.147755551738
0.004391643288	0.028453203374	0.333647933034	0.3	0.859928620646
0.004393413543	-0.010559718417	0.392515867121	0.269035303532	0.142137833961
0.004399592143	0.020664625308	0.248773882793	0.3	0.20141358972
0.00441483533	0.025728896018	0.268377452815	0.33192017072	0.286908597166
0.004518196491	0.0367767007993	0.255574833839	0.333517481501	0.894971188409
0.004548796612	0.030107025094	0.255490387741	0.2907763104	0.693203129884
0.004562385149	0.0217675010045	0.227603015652	0.345224589844	0.943978440811
0.004676437331	0.049426019944	0.340934195457	0.377587996366	0.785570916193
0.004688200643	0.016665308303	0.283000836924	0.337333761782	0.719092963997
0.004738395679	0.023446274202	0.274554313519	0.343065644431	0.352501177228
0.004821901258	0.033869729407	0.386214098027	0.329395389044	0.605625640561
0.004937308359	0.025511422773	0.267513360072	0.37887572109	0.930304501294
0.004981748548	-0.005563972321	0.251652685977	0.233536550432	0.189195036379
0.004986087811	0.037328990052	0.378949827032	0.371629269159	0.740270378335
0.005003386378	0.030539389309	0.247063289994	0.3	0.6169914492
0.005010258676	0.03471010945	0.384942136793	0.323915140509	0.890983000259
0.005066078481	0.027314695987	0.355461768447	0.381331654314	0.538998973099
0.005106673084	0.0257090225109	0.208753378162	0.365177708096	0.715676492257
0.005113565996	0.010214653466	0.355930459984	0.311294666262	0.0189421100999
0.005168820247	0.005702822499	0.20218439548	0.371691979132	0.202662995805
0.00517973046	0.015864333579	0.277561940378	0.213631288198	0.660099291925
0.005224116281	0.003624692148	0.3602238083	0.237068319784	0.03006652423
0.0052779062424	0.0046947707793	0.212925725072	0.216391622135	0.283187152476
0.005353125499	0.007566234411	0.276280017056	0.387113553899	0.29434319301
0.005493747357	0.015606583325	0.22083337745	0.3	0.642293716469
0.005511609056	0.009467267263	0.218964970422	0.3	0.118234601524
0.005567629796	0.014207403631	0.238259132505	0.306467631995	0.150752982929
0.005757311816	0.0190620482653	0.203884273626	0.376285460836	0.345423394413
0.005788548577	-0.002469098893	0.235460651955	0.3	0.0421434156785
0.0058681635591	0.0222184022472	0.212900908583	0.269111251725	0.87478591097
0.00602820677	0.0315793575252	0.235752197548	0.351950475374	0.760875956413
0.006057646156	NA	0.5	0.3	0.9
0.006216629904	0.025085214888	0.32034615944	0.3	0.888055976668
0.006393507226	-0.002484115192	0.35951076925	0.354749555876	0.111673981413
0.0065674627076	0.0122099647759	0.349371773919	0.25902182368	0.981540004096
0.0069089742038	0.0064742083572	0.311869192501	0.259807148223	0.996264333189
0.006984631836	0.033958484713	0.367172593559	0.3	0.891629096581
0.007020826546	0.015740772791	0.363777130645	0.381733702105	0.493711931322
0.007193480471	0.0209205011076	0.254349982716	0.341874816125	0.891427405513
0.00731059357	0.0282704534715	0.208865725358	0.357142943795	0.588205990633
0.00739465591	0.027058943538	0.372769520408	0.3	0.653136903988
0.007467174226	0.012287705528	0.377033795982	0.348241506732	0.228259829025
0.00766529271	0.000811819009	0.359943306107	0.384207126457	0.325333912565
0.0077494295559	0.0326506133924	0.202784597043	0.303064620849	0.591349407403
0.008070753684	0.02456955654	0.389551907543	0.3	0.910493197316
0.008308140001	0.03675529399	0.33270389156	0.3	0.811847393635
0.008384288297	0.024122797705	0.225421027574	0.347602065014	0.451000478685
0.008488745454	-0.014114128564	0.367779971131	0.0	0.0836507591209
0.008696111408	0.027789515049	0.347192886681	0.3	0.757014904545
0.008836305794	0.024084538692	0.238166177197	0.359855247619	0.31539551784
0.0091090183338	0.0237382466286	0.215471583254	0.284610439155	0.877903745882
0.009149477924	0.033093637926	0.311753974202	0.3	0.584216618738
0.009238563581	0.0244529280703	0.329073187732	0.239997381051	0.929598963054
0.009465971068	0.011765619417	0.330031662218	0.334781906973	0.971001856361
0.009513026265	-0.000991983285	0.33618945281	0.235584524184	0.131143265664
0.009531739794	0.053630291739	0.39076863069	0.363360527937	0.79892531989
0.009604911086	0.027443589531	0.283700290676	0.303741211784	0.244400694927
0.00976900749	0.026877632666	0.303698638404	0.329178112449	0.815119624307
0.010280331792	0.013624095332	0.286779955351	0.291229854498	0.0680295037955
0.010363144437	0.010120979019	0.330545611402	0.351425868548	0.540011947657
0.010665944809	0.031131547923	0.350147070754	0.251715676421	0.0762259812963
0.010865420995	0.039543578621	0.372688495338	0.349839720814	0.771890344862
0.0109112612	0.029415678934	0.266608427057	0.321614423047	0.814554721717
0.011085564871	-0.002291840863	0.473102569306	0.0	0.12841675112
0.011494169706	0.008348434372	0.231775071891	0.358427643837	0.0620112225537
0.012265549985	0.009459705766	0.264251571604	0.285655997256	0.0382117116148
0.012418203673	0.0489126509	0.370916939738	0.3	0.774918193613
0.01242115426	0.03443807727	0.328006567741	0.363692801832	0.604418805767
0.012513205145	0.022328565782	0.304585727836	0.34569886987	0.970483646736
0.012922826175	0.02732283789	0.384447942814	0.3	0.569470038331
0.012924004146	0.035164645191	0.225792960674	0.390035139341	0.750036380758
0.013027717373	0.037237695093	0.336558562811	0.322925295986	0.922052272535
0.0130685595	0.040435950002	0.297226325867	0.391839334979	0.767495257153
0.0140100525	0.043565338657	0.383517029517	0.364132719097	0.870804418089
0.014240965617	0.015071033464	0.389546138944	0.238418477401	0.0313331718801
0.014731653827	0.023842882968	0.299073550108	0.3	0.823112941288
0.014943072805	0.0261274670508	0.259056872478	0.311112076647	0.873461927085
0.015346909682	0.03245433437	0.265461460243	0.391065528295	0.375988980401
0.015375577729	0.040903887105	0.249242890697	0.349490851396	0.578613072826
0.015770660563	0.029738242018	0.274719027964	0.319568012887	0.840969237895
0.016715746962	0.036511990271	0.313594304758	0.314168611019	0.870261643417
0.018826079813	0.032732987693	0.355747851416	0.357768154787	0.653534640783
0.018937969003	0.019715471238	0.327626899629	0.318721660017	0.0331181827701
0.021073086893	0.012888737141	0.366645060999	0.392860777964	0.974498190087
0.030610269939	0.036397105088	0.385831649175	0.215089417392	0.00551755561872
0.0352360280598	NA	0.5	0.3	0.8
