Language	Model	Type	Surp	FullSurp
Afrikaans	1069531	manual_output_funchead_RANDOM5	6.526175417172843	9.302910930857559
Afrikaans	1082594	manual_output_funchead_RANDOM5	6.511081348913237	9.14319147000647
Afrikaans	1095608	manual_output_funchead_RANDOM5	6.512381477201844	9.277305384024949
Afrikaans	1185089	manual_output_funchead_RANDOM5	6.546271688821545	9.247189422884036
Afrikaans	4361425	manual_output_funchead_RANDOM5	6.488071676954056	9.150375415232535
Afrikaans	5750220	manual_output_funchead_RANDOM5	6.461273820432898	9.1446394233985
Afrikaans	8004203	manual_output_funchead_RANDOM5	6.569567713633631	9.330037443500212
Afrikaans	8438804	manual_output_funchead_RANDOM5	6.49650964596397	9.200484619943719
Afrikaans	9311446	manual_output_funchead_RANDOM5	6.922130968369585	9.840302715972603
Afrikaans	9505671	manual_output_funchead_RANDOM5	6.4895945784634455	9.152013126910813
Afrikaans	9615405	manual_output_funchead_RANDOM5	6.436643104699754	9.141204849451563
Ancient_Greek	2039748	manual_output_funchead_RANDOM5	7.434470354318154	10.639830790688295
Ancient_Greek	3144874	manual_output_funchead_RANDOM5	7.377196023232766	10.519674462653597
Ancient_Greek	4125321	manual_output_funchead_RANDOM5	7.345817628138985	10.46692336695061
Ancient_Greek	4540601	manual_output_funchead_RANDOM5	7.350531294506744	10.442274053266656
Ancient_Greek	4582552	manual_output_funchead_RANDOM5	7.343307211553797	10.450316402292621
Ancient_Greek	5752770	manual_output_funchead_RANDOM5	7.3560929161933055	10.499806023890116
Ancient_Greek	7307328	manual_output_funchead_RANDOM5	7.370288390162008	10.547243059803407
Ancient_Greek	7327094	manual_output_funchead_RANDOM5	7.441931374978341	10.664999759541143
Ancient_Greek	7412033	manual_output_funchead_RANDOM5	7.326852241865817	10.486429580573358
Ancient_Greek	8208634	manual_output_funchead_RANDOM5	7.4171661071310995	10.570095586385252
Ancient_Greek	8657852	manual_output_funchead_RANDOM5	7.3782482607418105	10.52979099017341
Arabic	1822678	manual_output_funchead_RANDOM5	7.169958101878738	10.42694862370218
Arabic	1865607	manual_output_funchead_RANDOM5	7.140297164855663	10.290249406481351
Arabic	2087923	manual_output_funchead_RANDOM5	7.0530826498215315	10.287869544705936
Arabic	3669887	manual_output_funchead_RANDOM5	7.3469344490174615	10.627002548235685
Arabic	4144298	manual_output_funchead_RANDOM5	7.237910079578058	10.471004988614672
Arabic	48450	manual_output_funchead_RANDOM5	7.172819031313539	10.403510127342045
Arabic	5340771	manual_output_funchead_RANDOM5	7.129744486237685	10.36823848149162
Arabic	6281149	manual_output_funchead_RANDOM5	7.546505665712175	11.114186640923618
Arabic	7459069	manual_output_funchead_RANDOM5	7.238428417878911	10.40968705732679
Arabic	9345509	manual_output_funchead_RANDOM5	7.258342280352498	10.519465090705348
Arabic	9377512	manual_output_funchead_RANDOM5	7.245557462269405	10.512381029691337
Basque	1292181	manual_output_funchead_RANDOM5	8.513010293015686	8.513027875980667
Basque	1577881	manual_output_funchead_RANDOM5	8.413738274768583	8.413758837537442
Basque	3087646	manual_output_funchead_RANDOM5	8.39237152529759	8.392391939016784
Basque	3139519	manual_output_funchead_RANDOM5	8.329922686166027	8.329959468312614
Basque	3549060	manual_output_funchead_RANDOM5	8.370437434582737	8.37046688809801
Basque	4248326	manual_output_funchead_RANDOM5	8.567226101041589	8.567244430494009
Basque	5925359	manual_output_funchead_RANDOM5	8.35419799907071	8.354228055250838
Basque	6363098	manual_output_funchead_RANDOM5	8.40984592156291	8.409867855687953
Basque	7343564	manual_output_funchead_RANDOM5	8.462661784930471	8.462688111961608
Basque	8058091	manual_output_funchead_RANDOM5	8.429035561595036	8.429056348345203
Basque	8772382	manual_output_funchead_RANDOM5	8.42849435951826	8.428513526292026
Basque	8796368	manual_output_funchead_RANDOM5	8.420475945599838	8.4204991520914
Belarusian	1042724	manual_output_funchead_RANDOM5	9.052161020297941	11.142971577438406
Belarusian	2113519	manual_output_funchead_RANDOM5	9.06628510280564	11.324088838007961
Belarusian	2548803	manual_output_funchead_RANDOM5	9.224245952487404	11.443883598882023
Belarusian	2839647	manual_output_funchead_RANDOM5	8.94568256439545	11.160271065604576
Belarusian	3334085	manual_output_funchead_RANDOM5	9.693261451939888	12.03794965814314
Belarusian	5901204	manual_output_funchead_RANDOM5	8.98889261162373	11.19951980054736
Belarusian	6113009	manual_output_funchead_RANDOM5	9.012708003581071	11.149357463932839
Belarusian	6116183	manual_output_funchead_RANDOM5	8.925875087613289	11.120586250817304
Belarusian	6691007	manual_output_funchead_RANDOM5	9.345420072458671	11.609669813967837
Belarusian	8277787	manual_output_funchead_RANDOM5	9.699575339316521	11.960547235010052
Belarusian	996727	manual_output_funchead_RANDOM5	8.885340494432938	11.051892124435463
Bulgarian	1151694	manual_output_funchead_RANDOM5	7.463818512068024	10.82954813509289
Bulgarian	2435692	manual_output_funchead_RANDOM5	7.3421396203842155	10.566158177182068
Bulgarian	3903770	manual_output_funchead_RANDOM5	7.451974253643416	10.855803793931505
Bulgarian	5406067	manual_output_funchead_RANDOM5	7.460438475995357	10.827651067267155
Bulgarian	5646728	manual_output_funchead_RANDOM5	7.528912418748829	10.984851363778391
Bulgarian	7086819	manual_output_funchead_RANDOM5	7.433108040709448	10.85531922550445
Bulgarian	7221193	manual_output_funchead_RANDOM5	7.5188225821974255	11.022447387388983
Bulgarian	7504530	manual_output_funchead_RANDOM5	7.4088362496247235	10.794403595676151
Bulgarian	8483158	manual_output_funchead_RANDOM5	7.3388647734512595	10.693378841624083
Bulgarian	9059878	manual_output_funchead_RANDOM5	7.370369655828213	10.72110297059663
Catalan	1489476	manual_output_funchead_RANDOM5	6.043622536909374	7.686264770768087
Catalan	1814244	manual_output_funchead_RANDOM5	6.139018857579054	7.838368673118553
Catalan	2127014	manual_output_funchead_RANDOM5	6.126579789759491	7.838773914623358
Catalan	3642870	manual_output_funchead_RANDOM5	5.973022202133899	7.615125497643687
Catalan	4265993	manual_output_funchead_RANDOM5	5.999272744495836	7.594707920105844
Catalan	5638864	manual_output_funchead_RANDOM5	5.961088493532935	7.521100335754638
Catalan	6494605	manual_output_funchead_RANDOM5	6.016497313029361	7.594355367785607
Catalan	6883455	manual_output_funchead_RANDOM5	5.997827542751199	7.6923120995805565
Catalan	7481432	manual_output_funchead_RANDOM5	6.081846903132436	7.805290509233799
Catalan	9560958	manual_output_funchead_RANDOM5	5.997474627886649	7.642993908769529
Catalan	9807978	manual_output_funchead_RANDOM5	6.161974975355391	7.838657036303176
Chinese	1769768	manual_output_funchead_RANDOM5	7.792820106415271	9.779645845887856
Chinese	1932987	manual_output_funchead_RANDOM5	7.817347746709818	9.811296595773968
Chinese	1944415	manual_output_funchead_RANDOM5	7.783943958475132	9.782131979025428
Chinese	2252744	manual_output_funchead_RANDOM5	7.806959135407587	9.788310532442903
Chinese	254104	manual_output_funchead_RANDOM5	7.864249833862753	9.889005481310127
Chinese	3820959	manual_output_funchead_RANDOM5	7.8417526458796285	9.857132917461973
Chinese	3824300	manual_output_funchead_RANDOM5	7.778610799770163	9.781369682010759
Chinese	38506	manual_output_funchead_RANDOM5	7.8221070653041425	9.869302395837257
Chinese	4822372	manual_output_funchead_RANDOM5	7.81686161030751	9.85947258023629
Chinese	6480370	manual_output_funchead_RANDOM5	7.836100940686831	9.836127862150894
Chinese	9648394	manual_output_funchead_RANDOM5	7.822582737736137	9.831761199558843
Coptic	197928	manual_output_funchead_RANDOM5	5.198121592849837	7.111853427754814
Coptic	3201828	manual_output_funchead_RANDOM5	5.167890427410255	7.157016248936692
Coptic	419994	manual_output_funchead_RANDOM5	5.666522578948868	7.955467432841433
Coptic	4429181	manual_output_funchead_RANDOM5	5.608515649513538	7.759789316978943
Coptic	4658920	manual_output_funchead_RANDOM5	5.208694288220709	7.0752856656995124
Coptic	558773	manual_output_funchead_RANDOM5	5.7507644748574345	7.950115632500575
Coptic	5664215	manual_output_funchead_RANDOM5	5.215191343267667	7.212057427851064
Coptic	6817183	manual_output_funchead_RANDOM5	5.119638032665208	7.077858271046451
Coptic	7626754	manual_output_funchead_RANDOM5	5.207626542884955	7.107809373228956
Coptic	9413370	manual_output_funchead_RANDOM5	5.524221697824444	7.597779218022695
Coptic	9883886	manual_output_funchead_RANDOM5	5.256910959879558	7.066110256740025
Croatian	4407561	manual_output_funchead_RANDOM5	7.9838782721523085	7.9838995752333854
Croatian	4926352	manual_output_funchead_RANDOM5	7.922573980020394	7.922588941215242
Croatian	4961032	manual_output_funchead_RANDOM5	8.041477943073808	8.041492310704005
Croatian	5877734	manual_output_funchead_RANDOM5	8.046508804857432	8.046524834498173
Croatian	5943176	manual_output_funchead_RANDOM5	8.087069831224023	8.087090498522223
Croatian	6190644	manual_output_funchead_RANDOM5	8.032858414063558	8.032871983090233
Croatian	6738274	manual_output_funchead_RANDOM5	7.93268781209839	7.9327045582680595
Croatian	8093835	manual_output_funchead_RANDOM5	8.037942324968215	8.037961496619301
Croatian	8901721	manual_output_funchead_RANDOM5	7.900509961903737	7.900535868247701
Croatian	9689576	manual_output_funchead_RANDOM5	7.92116562322459	7.921183986972336
Croatian	9737344	manual_output_funchead_RANDOM5	7.998435266301521	7.998454935419127
Czech	3308411	manual_output_funchead_RANDOM5	7.177168158630609	10.984237604091671
Czech	5696017	manual_output_funchead_RANDOM5	7.209261070537564	10.883714502791042
Czech	670159	manual_output_funchead_RANDOM5	7.164876587172454	10.981234047354304
Czech	6720963	manual_output_funchead_RANDOM5	7.168522491782182	10.821233179645628
Czech	770129	manual_output_funchead_RANDOM5	7.140879218829831	10.849208496627096
Czech	7866039	manual_output_funchead_RANDOM5	7.1983416789174175	10.932482281193911
Czech	7899609	manual_output_funchead_RANDOM5	7.227967894329852	10.97734563320284
Czech	9422143	manual_output_funchead_RANDOM5	7.1527619789498	10.975175865948842
Czech	943964	manual_output_funchead_RANDOM5	7.187490162898726	11.002774991332991
Czech	9898295	manual_output_funchead_RANDOM5	7.141225441954014	10.973274018876177
Czech	9920952	manual_output_funchead_RANDOM5	7.227660906655648	10.990167150105972
Danish	1340725	manual_output_funchead_RANDOM5	7.234140650955273	7.234160922186777
Danish	1751105	manual_output_funchead_RANDOM5	7.204782867270909	7.204804555967953
Danish	2985937	manual_output_funchead_RANDOM5	7.264297378111508	7.26431327110902
Danish	3412399	manual_output_funchead_RANDOM5	7.298429843140675	7.298454294935182
Danish	342655	manual_output_funchead_RANDOM5	7.228410174717775	7.228429310923224
Danish	4152103	manual_output_funchead_RANDOM5	7.286583430241694	7.28660395807601
Danish	5619578	manual_output_funchead_RANDOM5	7.29281483441675	7.292831949734701
Danish	5926356	manual_output_funchead_RANDOM5	7.3322990005661675	7.3323217093850515
Danish	8008145	manual_output_funchead_RANDOM5	7.266284107289434	7.266308047296013
Danish	854673	manual_output_funchead_RANDOM5	7.269205337945932	7.269227880051021
Danish	8679257	manual_output_funchead_RANDOM5	7.2825966132653726	7.282622781422761
Dutch	1158980	manual_output_funchead_RANDOM5	6.835460034194848	9.48408557854545
Dutch	1445206	manual_output_funchead_RANDOM5	6.8795672082848345	9.46043292148548
Dutch	202317	manual_output_funchead_RANDOM5	6.86172392042944	9.531691191505514
Dutch	2974386	manual_output_funchead_RANDOM5	6.91169439054054	9.58733094594077
Dutch	3173002	manual_output_funchead_RANDOM5	6.987949134514883	9.723035595380212
Dutch	6902985	manual_output_funchead_RANDOM5	6.901236158628846	9.58243139394901
Dutch	830425	manual_output_funchead_RANDOM5	6.935391302760412	9.613618374172074
Dutch	8546786	manual_output_funchead_RANDOM5	6.96614746777422	9.620181866385428
Dutch	8742570	manual_output_funchead_RANDOM5	6.88349901834122	9.499512173975349
Dutch	965391	manual_output_funchead_RANDOM5	6.911554454134095	9.553213270205726
Dutch	9852242	manual_output_funchead_RANDOM5	6.9292105045906025	9.633355286134547
English	1185683	manual_output_funchead_RANDOM5	6.6310450194041515	9.010985901086492
English	2072554	manual_output_funchead_RANDOM5	6.629493212763796	9.013574620512978
English	3330996	manual_output_funchead_RANDOM5	6.606873555856959	8.975354063319779
English	4820775	manual_output_funchead_RANDOM5	6.63931222841711	9.078805888663148
English	4936690	manual_output_funchead_RANDOM5	6.666464411856064	9.041778368996432
English	5417255	manual_output_funchead_RANDOM5	6.7401284728867505	9.170120096421293
English	7114895	manual_output_funchead_RANDOM5	6.5059975933029035	8.813299423404041
English	8031440	manual_output_funchead_RANDOM5	6.594743605780926	8.944112858846795
English	8704372	manual_output_funchead_RANDOM5	6.679118365068956	9.091610538032862
English	9172338	manual_output_funchead_RANDOM5	6.646896630819498	9.028875684036397
English	9596253	manual_output_funchead_RANDOM5	6.638870744261956	8.944951629407162
Estonian	28515	manual_output_funchead_RANDOM5	8.375806378894602	10.103974338164857
Estonian	331302	manual_output_funchead_RANDOM5	8.473898267349341	10.087854750826267
Estonian	3316563	manual_output_funchead_RANDOM5	8.477911380337911	10.130835252248849
Estonian	3718751	manual_output_funchead_RANDOM5	8.469718411687095	10.16939935691919
Estonian	593756	manual_output_funchead_RANDOM5	8.472833282854243	10.089143936344813
Estonian	7007422	manual_output_funchead_RANDOM5	8.440994982547137	10.077302235179832
Estonian	7822682	manual_output_funchead_RANDOM5	8.399412790293852	10.074294801711817
Estonian	7971479	manual_output_funchead_RANDOM5	8.424340530046026	10.058143025226606
Estonian	9178527	manual_output_funchead_RANDOM5	8.414397594577697	10.067375921315145
Estonian	9807153	manual_output_funchead_RANDOM5	8.44465563998015	10.064509693311608
Estonian	9839	manual_output_funchead_RANDOM5	8.370900402480196	10.061782096486423
Finnish	1331720	manual_output_funchead_RANDOM5	8.11253195315756	10.931379986490732
Finnish	1473017	manual_output_funchead_RANDOM5	8.048901157847709	10.829765405012274
Finnish	1668482	manual_output_funchead_RANDOM5	8.114454332836917	10.895003800713054
Finnish	1679999	manual_output_funchead_RANDOM5	8.02396886418739	10.831065054101959
Finnish	1734902	manual_output_funchead_RANDOM5	8.033022039453252	10.823542157757117
Finnish	2575000	manual_output_funchead_RANDOM5	8.117900383291916	10.935415384791627
Finnish	4012024	manual_output_funchead_RANDOM5	8.07597191871581	10.917443191421365
Finnish	5633567	manual_output_funchead_RANDOM5	8.067308111940914	10.878461669491385
Finnish	6317134	manual_output_funchead_RANDOM5	8.02713485876065	10.850796041665253
Finnish	9092424	manual_output_funchead_RANDOM5	8.047134267122074	10.837944221719196
Finnish	9713535	manual_output_funchead_RANDOM5	8.058149432995153	10.873433275941359
French	1635560	manual_output_funchead_RANDOM5	6.03524490817064	6.090841857776729
French	5207339	manual_output_funchead_RANDOM5	5.92818793518496	5.97947634402447
French	5263743	manual_output_funchead_RANDOM5	6.079466587375511	6.131346661803442
French	5756273	manual_output_funchead_RANDOM5	6.031117550564103	6.0822184528269965
French	6341230	manual_output_funchead_RANDOM5	5.960181876302279	6.013284056372267
French	6767418	manual_output_funchead_RANDOM5	6.128369920152333	6.186870975250582
French	6936148	manual_output_funchead_RANDOM5	6.045498096414732	6.098264401702378
French	7984131	manual_output_funchead_RANDOM5	6.0161801383560976	6.069756859352454
French	8200586	manual_output_funchead_RANDOM5	5.974226263357082	6.025880273649772
French	8222328	manual_output_funchead_RANDOM5	6.255306035651809	6.306024405358
French	9187881	manual_output_funchead_RANDOM5	5.967544678356925	6.036607413318108
Galician	1352004	manual_output_funchead_RANDOM5	6.208244177292325	8.914968339462282
Galician	2171717	manual_output_funchead_RANDOM5	6.394036210927541	9.30387872510692
Galician	2922815	manual_output_funchead_RANDOM5	6.213691143910878	8.935403087014032
Galician	4232366	manual_output_funchead_RANDOM5	6.309350480659146	9.098732335946957
Galician	434769	manual_output_funchead_RANDOM5	6.256532103843644	9.026573315532415
Galician	6052491	manual_output_funchead_RANDOM5	6.169422598700263	8.865185514646825
Galician	8330859	manual_output_funchead_RANDOM5	6.348596520676703	9.196927043542658
Galician	8498138	manual_output_funchead_RANDOM5	6.402406544678948	9.277749944114857
Galician	8585464	manual_output_funchead_RANDOM5	6.907339914276914	11.494716655520362
Galician	867128	manual_output_funchead_RANDOM5	6.333290982654226	9.1762651458302
Galician	9507537	manual_output_funchead_RANDOM5	6.3543743921731695	9.197044407829434
German	3214280	manual_output_funchead_RANDOM5	7.163765117005349	9.256609492622168
German	3311886	manual_output_funchead_RANDOM5	7.2175586354964265	9.362271388937026
German	3844501	manual_output_funchead_RANDOM5	7.239297276485668	9.332183387666591
German	4145946	manual_output_funchead_RANDOM5	7.194900023735558	9.281779456438295
German	5339119	manual_output_funchead_RANDOM5	7.130921515220292	9.245075811599476
German	5791775	manual_output_funchead_RANDOM5	7.202162653554969	9.321043763381114
German	7109961	manual_output_funchead_RANDOM5	7.196655524489307	9.303294972968432
German	7763827	manual_output_funchead_RANDOM5	7.10765138358508	9.24446508171335
German	7895327	manual_output_funchead_RANDOM5	7.198912963744841	9.37570655203104
German	8544345	manual_output_funchead_RANDOM5	7.156695649192284	9.30274183077021
German	9280571	manual_output_funchead_RANDOM5	7.14594110626033	9.219149826829346
Gothic	142031	manual_output_funchead_RANDOM5	6.905773249091902	9.0008876514236
Gothic	2828126	manual_output_funchead_RANDOM5	6.874346089318082	8.977577727298003
Gothic	4106336	manual_output_funchead_RANDOM5	6.9241807022303075	8.923939649871706
Gothic	4662596	manual_output_funchead_RANDOM5	6.950704979891809	9.024441605980439
Gothic	4784458	manual_output_funchead_RANDOM5	6.864400638774316	8.941081726603153
Gothic	5754790	manual_output_funchead_RANDOM5	6.925407927965112	9.042483178699579
Gothic	6216429	manual_output_funchead_RANDOM5	6.824385992793328	8.911315799730568
Gothic	8359293	manual_output_funchead_RANDOM5	6.823071341709418	8.843710266414393
Gothic	8405049	manual_output_funchead_RANDOM5	6.923556075657699	8.997796780037163
Gothic	9197732	manual_output_funchead_RANDOM5	6.970669040761629	9.076288553428478
Gothic	9887556	manual_output_funchead_RANDOM5	6.94748632402633	9.008009692823917
Greek	2254130	manual_output_funchead_RANDOM5	7.252036906524979	9.140805713109192
Greek	2793072	manual_output_funchead_RANDOM5	7.108793296885401	9.003333590310037
Greek	3854539	manual_output_funchead_RANDOM5	7.208029982624731	9.119150709524884
Greek	532306	manual_output_funchead_RANDOM5	7.218924061692867	9.07311685961956
Greek	558168	manual_output_funchead_RANDOM5	7.287974654616878	9.016654903536837
Greek	5977846	manual_output_funchead_RANDOM5	7.181872692361704	8.971320439315374
Greek	6852040	manual_output_funchead_RANDOM5	7.2519301680541055	9.137106580827298
Greek	7324781	manual_output_funchead_RANDOM5	7.244238122886163	9.083237828904162
Greek	804236	manual_output_funchead_RANDOM5	7.223964857756705	9.134734850378452
Greek	9097290	manual_output_funchead_RANDOM5	7.1326448811220935	8.962921940471345
Greek	9240938	manual_output_funchead_RANDOM5	7.239932085255103	9.15409085184205
Hebrew	1431753	manual_output_funchead_RANDOM5	6.793897724075072	8.59910633992613
Hebrew	2673927	manual_output_funchead_RANDOM5	6.7485050962944175	8.498782191273213
Hebrew	2767333	manual_output_funchead_RANDOM5	6.714998715259689	8.488078717814556
Hebrew	4175741	manual_output_funchead_RANDOM5	6.718001650094151	8.432735098189506
Hebrew	4277236	manual_output_funchead_RANDOM5	6.814448960492063	8.56920082586494
Hebrew	5047562	manual_output_funchead_RANDOM5	6.749174007947656	8.528886364579856
Hebrew	5639373	manual_output_funchead_RANDOM5	6.747541650861394	8.538306176256972
Hebrew	6144592	manual_output_funchead_RANDOM5	6.783455335007792	8.532443986670746
Hebrew	7398924	manual_output_funchead_RANDOM5	6.7488695515315245	8.562682095472088
Hebrew	9370419	manual_output_funchead_RANDOM5	6.763646353171495	8.603644124904793
Hebrew	9798705	manual_output_funchead_RANDOM5	6.7191822563510355	8.482440577575789
Hindi	1125295	manual_output_funchead_RANDOM5	5.957975362451181	7.637453705464022
Hindi	1576883	manual_output_funchead_RANDOM5	5.914507627947323	7.496693191934997
Hindi	1975341	manual_output_funchead_RANDOM5	5.933357519855558	7.514187135550589
Hindi	2850820	manual_output_funchead_RANDOM5	5.930820818855663	7.481938144551182
Hindi	3154209	manual_output_funchead_RANDOM5	5.944028410780963	7.621480306437564
Hindi	3505423	manual_output_funchead_RANDOM5	6.0249619216068275	7.7109834847698275
Hindi	4276439	manual_output_funchead_RANDOM5	6.042572891827926	7.628913034403628
Hindi	4366178	manual_output_funchead_RANDOM5	5.8957561731601364	7.530637709603479
Hindi	6878919	manual_output_funchead_RANDOM5	6.056000251770019	7.655908159019388
Hindi	8578668	manual_output_funchead_RANDOM5	6.072236633710146	7.7451618750146904
Hindi	8929157	manual_output_funchead_RANDOM5	6.015730615383606	7.716904510403609
Hungarian	2081473	manual_output_funchead_RANDOM5	8.490072896168956	8.49010729124402
Hungarian	2793157	manual_output_funchead_RANDOM5	8.577154009172425	8.577195424708878
Hungarian	3375083	manual_output_funchead_RANDOM5	8.634914199427353	8.634940329202754
Hungarian	5350366	manual_output_funchead_RANDOM5	8.576247495876112	8.576304940053033
Hungarian	6073451	manual_output_funchead_RANDOM5	8.57589684877591	8.575923955885939
Hungarian	6851578	manual_output_funchead_RANDOM5	8.50692187155743	8.506979802199417
Hungarian	7781357	manual_output_funchead_RANDOM5	8.661227242904529	8.661265597680217
Hungarian	7987413	manual_output_funchead_RANDOM5	8.558458778935865	8.558506598221628
Hungarian	8761488	manual_output_funchead_RANDOM5	8.62029429025561	8.620391119879232
Hungarian	9033733	manual_output_funchead_RANDOM5	8.618570856928814	8.618629049926843
Hungarian	9493994	manual_output_funchead_RANDOM5	8.671856776227514	8.671959403054137
Indonesian	1202608	manual_output_funchead_RANDOM5	7.883371894065118	7.883391740677979
Indonesian	1558223	manual_output_funchead_RANDOM5	7.923059168057349	7.923091679731579
Indonesian	3919388	manual_output_funchead_RANDOM5	7.9158196654156585	7.9158415007500595
Indonesian	5792495	manual_output_funchead_RANDOM5	7.906842029910327	7.906862266181378
Indonesian	653215	manual_output_funchead_RANDOM5	7.931122800313258	7.931143226263314
Indonesian	661860	manual_output_funchead_RANDOM5	7.883758321165401	7.883779949773988
Indonesian	6845258	manual_output_funchead_RANDOM5	7.901967500251979	7.901989141420567
Indonesian	7070246	manual_output_funchead_RANDOM5	7.880048325398744	7.880060286231536
Indonesian	8489005	manual_output_funchead_RANDOM5	7.936141412885157	7.936167459060025
Indonesian	9072449	manual_output_funchead_RANDOM5	7.881066804892411	7.881091937775106
Indonesian	9474277	manual_output_funchead_RANDOM5	7.888447524867302	7.888499788020084
Irish	3461737	manual_output_funchead_RANDOM5	8.170783608661198	11.050904084619075
Irish	3590758	manual_output_funchead_RANDOM5	7.9333606247615895	10.698411552203801
Irish	3734393	manual_output_funchead_RANDOM5	7.900155630366207	10.433908717464936
Irish	3802863	manual_output_funchead_RANDOM5	8.680525787383301	11.440912271170927
Irish	5356301	manual_output_funchead_RANDOM5	7.943522482472784	10.520185437463654
Irish	620085	manual_output_funchead_RANDOM5	8.169914172204873	10.827682189565868
Irish	7277697	manual_output_funchead_RANDOM5	8.184531875385504	10.965087040076604
Irish	7546365	manual_output_funchead_RANDOM5	8.085245607516391	10.691295174090532
Irish	8848129	manual_output_funchead_RANDOM5	8.293328534613563	10.99292674265006
Irish	9210687	manual_output_funchead_RANDOM5	8.322976484563162	10.985783477277362
Irish	9560594	manual_output_funchead_RANDOM5	10.013918729603263	24.59961088039032
Italian	1794830	manual_output_funchead_RANDOM5	6.5349803660057	8.475524368870762
Italian	1819008	manual_output_funchead_RANDOM5	6.651125949106099	8.672464393767564
Italian	2149245	manual_output_funchead_RANDOM5	6.603245722988708	8.599435623070695
Italian	3350159	manual_output_funchead_RANDOM5	6.657553875989334	8.608197510927573
Italian	3544935	manual_output_funchead_RANDOM5	6.52442945465731	8.441853372935997
Italian	3940836	manual_output_funchead_RANDOM5	6.55256741703597	8.481351560509017
Italian	3999689	manual_output_funchead_RANDOM5	6.530981597772503	8.439297043043991
Italian	5300617	manual_output_funchead_RANDOM5	6.682778743948516	8.639413065989508
Italian	5577240	manual_output_funchead_RANDOM5	6.604588451665633	8.617536453248695
Italian	8929720	manual_output_funchead_RANDOM5	6.484794071452472	8.371667885891982
Italian	9556405	manual_output_funchead_RANDOM5	6.604745476943171	8.59810432336238
Japanese	1225283	manual_output_funchead_RANDOM5	6.471304258292881	6.471314552571099
Japanese	2827936	manual_output_funchead_RANDOM5	6.4086252323836845	6.408638602437314
Japanese	4886744	manual_output_funchead_RANDOM5	6.488465253260486	6.488477272695106
Japanese	4901198	manual_output_funchead_RANDOM5	6.43356242813816	6.43357652377531
Japanese	513466	manual_output_funchead_RANDOM5	6.372179683968281	6.372192248122081
Japanese	7352154	manual_output_funchead_RANDOM5	6.490389253142114	6.490401783105255
Japanese	7909567	manual_output_funchead_RANDOM5	6.365484852693144	6.3654985037104055
Japanese	9141459	manual_output_funchead_RANDOM5	6.469465799160038	6.469480865488795
Japanese	9223564	manual_output_funchead_RANDOM5	6.505138531643316	6.505151229524447
Japanese	9751433	manual_output_funchead_RANDOM5	6.405830684340365	6.40584697928914
Japanese	9787930	manual_output_funchead_RANDOM5	6.448619629570219	6.448632659320199
Korean	1947636	manual_output_funchead_RANDOM5	7.777121780102697	11.911403720058177
Korean	3944419	manual_output_funchead_RANDOM5	7.83847023184688	12.076611815578621
Korean	401259	manual_output_funchead_RANDOM5	7.791931350883918	11.976359410154162
Korean	4056369	manual_output_funchead_RANDOM5	7.744111414487901	11.943714634695832
Korean	4684954	manual_output_funchead_RANDOM5	7.868013271609508	12.02078450261247
Korean	4823612	manual_output_funchead_RANDOM5	7.773408903589131	11.957702023515512
Korean	5066157	manual_output_funchead_RANDOM5	7.737665817976835	11.929303783057245
Korean	531481	manual_output_funchead_RANDOM5	7.811265099349497	11.988197689817564
Korean	7127067	manual_output_funchead_RANDOM5	7.763740254834717	11.849967787195665
Korean	8370196	manual_output_funchead_RANDOM5	7.761027795193499	11.890552337615357
Korean	8493443	manual_output_funchead_RANDOM5	7.736114276309831	11.880681646688148
Latin	2690135	manual_output_funchead_RANDOM5	7.789340731374859	11.69480799821495
Latin	2902519	manual_output_funchead_RANDOM5	7.7516582849070454	11.658859520318906
Latin	3537433	manual_output_funchead_RANDOM5	7.753937573895567	11.769846385768508
Latin	403035	manual_output_funchead_RANDOM5	7.716588960410316	11.573644028570419
Latin	6539498	manual_output_funchead_RANDOM5	7.756227143023194	11.60154274179154
Latin	6606949	manual_output_funchead_RANDOM5	7.71378986451601	11.56334483372905
Latin	6658890	manual_output_funchead_RANDOM5	7.689780110514453	11.617818429442348
Latin	8980279	manual_output_funchead_RANDOM5	7.704584866046986	11.574858032798863
Latin	9121443	manual_output_funchead_RANDOM5	7.739525653405856	11.651207209787062
Latin	9614859	manual_output_funchead_RANDOM5	7.775998403491031	11.734211238900883
Latin	9904385	manual_output_funchead_RANDOM5	7.7919188973164974	11.809652659418601
Latvian	1205852	manual_output_funchead_RANDOM5	8.584900615481697	13.536765786608338
Latvian	1580986	manual_output_funchead_RANDOM5	8.62069308093592	13.555000834480602
Latvian	1626836	manual_output_funchead_RANDOM5	8.65347995042444	13.639101723175562
Latvian	2500423	manual_output_funchead_RANDOM5	8.61515931869474	13.652994660254851
Latvian	3017352	manual_output_funchead_RANDOM5	8.615939911526175	13.587623712052558
Latvian	3372280	manual_output_funchead_RANDOM5	8.645201404161542	13.632201498646602
Latvian	4421132	manual_output_funchead_RANDOM5	8.608169660215289	13.52006244294917
Latvian	554448	manual_output_funchead_RANDOM5	8.646973632354793	13.638957575240886
Latvian	5546355	manual_output_funchead_RANDOM5	8.660910943336733	13.651096466554696
Latvian	6387630	manual_output_funchead_RANDOM5	8.64870703094767	13.67627311168573
Latvian	8072044	manual_output_funchead_RANDOM5	8.631757654253844	13.578891977113852
Lithuanian	1630514	manual_output_funchead_RANDOM5	9.321418950123153	11.923987078549239
Lithuanian	2131166	manual_output_funchead_RANDOM5	9.155582698002132	11.764242778566967
Lithuanian	4371041	manual_output_funchead_RANDOM5	9.163790911553258	11.686318698748067
Lithuanian	4425607	manual_output_funchead_RANDOM5	9.224808621406556	11.913986649513244
Lithuanian	4687175	manual_output_funchead_RANDOM5	9.341143727901592	11.977990174413327
Lithuanian	5293904	manual_output_funchead_RANDOM5	9.227784142705607	11.824072955277165
Lithuanian	5706366	manual_output_funchead_RANDOM5	9.344143425827303	12.045610051921951
Lithuanian	6215383	manual_output_funchead_RANDOM5	9.206066986198568	11.796945827326578
Lithuanian	6961959	manual_output_funchead_RANDOM5	9.366130791504204	12.035313362299009
Lithuanian	8157461	manual_output_funchead_RANDOM5	9.206391684135	11.862852396215882
Lithuanian	8503184	manual_output_funchead_RANDOM5	9.35763801763087	11.927537687325183
Marathi	1662711	manual_output_funchead_RANDOM5	6.988921234031129	6.989020060869604
Marathi	1844126	manual_output_funchead_RANDOM5	7.249755055609356	7.2498198990837786
Marathi	3425688	manual_output_funchead_RANDOM5	7.581475884214092	7.581588757706948
Marathi	3926001	manual_output_funchead_RANDOM5	7.178780791719081	7.178842596280373
Marathi	4772030	manual_output_funchead_RANDOM5	7.190348583719005	7.190416603981451
Marathi	6370172	manual_output_funchead_RANDOM5	7.2759858741134895	7.276132414770908
Marathi	7144381	manual_output_funchead_RANDOM5	7.22019911785515	7.220318398508085
Marathi	7730931	manual_output_funchead_RANDOM5	7.573734638608735	7.573947156708816
Marathi	8848350	manual_output_funchead_RANDOM5	7.832120946418481	7.832311725935409
Marathi	9181215	manual_output_funchead_RANDOM5	7.278837437661278	7.278908767447566
Marathi	934592	manual_output_funchead_RANDOM5	7.589241956735586	7.5894093699269485
Norwegian	1359800	manual_output_funchead_RANDOM5	6.964945065441019	6.964950955227752
Norwegian	1755541	manual_output_funchead_RANDOM5	6.942624213703773	6.942632138277783
Norwegian	2448741	manual_output_funchead_RANDOM5	6.926454582617811	6.926460266067641
Norwegian	2997436	manual_output_funchead_RANDOM5	6.837125833103537	6.8371327835251545
Norwegian	3388014	manual_output_funchead_RANDOM5	6.953963882155627	6.953972817676605
Norwegian	5949739	manual_output_funchead_RANDOM5	6.937346780706801	6.937351306275698
Norwegian	6506543	manual_output_funchead_RANDOM5	6.939802942522249	6.939812736677323
Norwegian	7151382	manual_output_funchead_RANDOM5	6.8631068643637505	6.863116006679111
Norwegian	7848704	manual_output_funchead_RANDOM5	6.878072740300158	6.878080183678768
Norwegian	8493133	manual_output_funchead_RANDOM5	6.9550343845136124	6.955039816331961
Norwegian	9996271	manual_output_funchead_RANDOM5	6.946224114752813	6.946230578001253
Old_Church_Slavonic	1255635	manual_output_funchead_RANDOM5	6.866216531055711	8.837405287674422
Old_Church_Slavonic	2443724	manual_output_funchead_RANDOM5	6.8425532146804775	8.905386666285326
Old_Church_Slavonic	2626434	manual_output_funchead_RANDOM5	6.9390859644211345	8.903774755914412
Old_Church_Slavonic	2732904	manual_output_funchead_RANDOM5	6.812915302004945	8.726613277521311
Old_Church_Slavonic	2736979	manual_output_funchead_RANDOM5	6.938328221920234	8.950172708190934
Old_Church_Slavonic	4451422	manual_output_funchead_RANDOM5	6.904972775392278	8.942901392596353
Old_Church_Slavonic	6590324	manual_output_funchead_RANDOM5	6.857252427914925	8.933259401945222
Old_Church_Slavonic	6838096	manual_output_funchead_RANDOM5	6.90992456488923	8.979996300370008
Old_Church_Slavonic	749073	manual_output_funchead_RANDOM5	6.986320571256381	8.984769418184037
Old_Church_Slavonic	8077037	manual_output_funchead_RANDOM5	6.7913240141112805	8.732647166132004
Old_Church_Slavonic	9863680	manual_output_funchead_RANDOM5	6.764683195566823	8.849816746981638
Persian	1326317	manual_output_funchead_RANDOM5	7.210119828262275	9.15282219630818
Persian	2658912	manual_output_funchead_RANDOM5	7.110902749665644	8.970143096084966
Persian	3129978	manual_output_funchead_RANDOM5	7.053416376857751	8.893055744044386
Persian	322589	manual_output_funchead_RANDOM5	7.1112419306929	9.04420847811314
Persian	6036842	manual_output_funchead_RANDOM5	7.150835830010403	9.031893287952006
Persian	6070531	manual_output_funchead_RANDOM5	7.077549448834137	8.904861514980247
Persian	7225516	manual_output_funchead_RANDOM5	7.145754410897186	9.08258456567267
Persian	8119307	manual_output_funchead_RANDOM5	7.1007260252842235	8.954772502875231
Persian	8473601	manual_output_funchead_RANDOM5	7.069209635497943	8.941091848062017
Persian	8836705	manual_output_funchead_RANDOM5	6.974665032207257	8.741383847596346
Persian	9012903	manual_output_funchead_RANDOM5	7.1069228910037685	8.963763767553973
Polish	1718294	manual_output_funchead_RANDOM5	8.365151415668924	12.1908161221203
Polish	2389034	manual_output_funchead_RANDOM5	8.35143782933553	12.172567001588163
Polish	4066764	manual_output_funchead_RANDOM5	8.278358477232578	12.174665213133865
Polish	4919978	manual_output_funchead_RANDOM5	8.355962808796617	12.113332227912384
Polish	4976804	manual_output_funchead_RANDOM5	8.366955495202296	12.199233820627162
Polish	5698772	manual_output_funchead_RANDOM5	8.31454125926475	11.999577642688998
Polish	6434448	manual_output_funchead_RANDOM5	8.210164230882373	11.890787143526177
Polish	6505838	manual_output_funchead_RANDOM5	8.202053665555926	12.069195174746149
Polish	6927765	manual_output_funchead_RANDOM5	8.291583617797995	11.996049929083684
Polish	9328386	manual_output_funchead_RANDOM5	8.264292629926747	12.06174150495527
Polish	9521686	manual_output_funchead_RANDOM5	8.384043089660288	12.23679594698008
Portuguese	1426562	manual_output_funchead_RANDOM5	6.3896712276609025	8.608546229344148
Portuguese	170522	manual_output_funchead_RANDOM5	6.3089522744077025	8.487994938396152
Portuguese	2121307	manual_output_funchead_RANDOM5	6.230484525123524	8.314139703069426
Portuguese	2904662	manual_output_funchead_RANDOM5	6.375782803038563	8.54781086362149
Portuguese	3379446	manual_output_funchead_RANDOM5	6.324888368892397	8.53280636970222
Portuguese	4944251	manual_output_funchead_RANDOM5	6.259139617762392	8.396215115722438
Portuguese	5229174	manual_output_funchead_RANDOM5	13.232756001832808	26.14678241810644
Portuguese	5561962	manual_output_funchead_RANDOM5	6.691659662760462	9.216210477729453
Portuguese	8126902	manual_output_funchead_RANDOM5	6.301333402126438	8.54892072167731
Portuguese	8757734	manual_output_funchead_RANDOM5	6.151708887153223	8.208751089820513
Portuguese	9587377	manual_output_funchead_RANDOM5	6.300706512582583	8.553477004702474
Romanian	1610709	manual_output_funchead_RANDOM5	7.41373485238285	10.733310520439817
Romanian	3511079	manual_output_funchead_RANDOM5	7.421427856296738	10.705187061187807
Romanian	3640890	manual_output_funchead_RANDOM5	7.379085929960666	10.655698092687391
Romanian	5863046	manual_output_funchead_RANDOM5	7.377575966594717	10.667144859081333
Romanian	6587208	manual_output_funchead_RANDOM5	7.403397471350349	10.714116830532912
Romanian	7740351	manual_output_funchead_RANDOM5	7.360856581956912	10.64985320931665
Romanian	7882215	manual_output_funchead_RANDOM5	7.328352573517	10.61401918639622
Romanian	8461681	manual_output_funchead_RANDOM5	7.31337248516057	10.601110251439831
Romanian	8598969	manual_output_funchead_RANDOM5	7.309137286230651	10.564241912406596
Romanian	8700200	manual_output_funchead_RANDOM5	7.197255274650616	10.373876874083813
Romanian	9115236	manual_output_funchead_RANDOM5	7.313739803912517	10.573315705996137
Russian	162613	manual_output_funchead_RANDOM5	7.496598745909257	7.694082941382087
Russian	1668797	manual_output_funchead_RANDOM5	7.383733806132917	7.594360093488791
Russian	1840434	manual_output_funchead_RANDOM5	7.5933662635764785	7.788122912389556
Russian	290160	manual_output_funchead_RANDOM5	7.427309065012135	7.629361174018828
Russian	293415	manual_output_funchead_RANDOM5	7.51205983999017	7.716384928149341
Russian	4005629	manual_output_funchead_RANDOM5	7.466426279695207	7.675854417236873
Russian	4401247	manual_output_funchead_RANDOM5	7.515508775208973	7.720292016826196
Russian	5790291	manual_output_funchead_RANDOM5	7.320339062812462	7.524402967422936
Russian	7921091	manual_output_funchead_RANDOM5	7.39008376672603	7.5933844845475145
Russian	8351881	manual_output_funchead_RANDOM5	7.429841645992514	7.634667327622873
Russian	8765219	manual_output_funchead_RANDOM5	7.4510895215663595	7.663911730559694
Serbian	1751477	manual_output_funchead_RANDOM5	7.758953724368309	7.758980846153861
Serbian	2029442	manual_output_funchead_RANDOM5	7.675159645781475	7.675188279228578
Serbian	2103228	manual_output_funchead_RANDOM5	7.87730239301409	7.877324776567732
Serbian	2365375	manual_output_funchead_RANDOM5	7.767694688450167	7.767711274641912
Serbian	2411681	manual_output_funchead_RANDOM5	7.83776287433468	7.837779339150904
Serbian	2560379	manual_output_funchead_RANDOM5	7.7269007329987724	7.726921980107372
Serbian	3226322	manual_output_funchead_RANDOM5	7.825840779994192	7.825868336898706
Serbian	504099	manual_output_funchead_RANDOM5	7.778388139924465	7.778407395146658
Serbian	5802499	manual_output_funchead_RANDOM5	7.721516380410526	7.721538435371283
Serbian	6225457	manual_output_funchead_RANDOM5	7.77824296374136	7.778264602034442
Serbian	705	manual_output_funchead_RANDOM5	7.799575796050851	7.799599673084377
Slovak	1376911	manual_output_funchead_RANDOM5	9.017508882152582	13.30517507833514
Slovak	1682993	manual_output_funchead_RANDOM5	9.168347612329915	13.48250415599531
Slovak	2813188	manual_output_funchead_RANDOM5	9.014532463894366	13.411280413422018
Slovak	3811370	manual_output_funchead_RANDOM5	9.038820567921665	13.38780526313047
Slovak	5043659	manual_output_funchead_RANDOM5	8.96854389239052	13.209092410039656
Slovak	5932497	manual_output_funchead_RANDOM5	9.164633399637275	13.583547009297412
Slovak	701473	manual_output_funchead_RANDOM5	9.146908578026066	13.397321616836196
Slovak	9142248	manual_output_funchead_RANDOM5	9.171039330808139	13.430877143802526
Slovak	9374200	manual_output_funchead_RANDOM5	9.05053247825368	13.396291255637367
Slovak	9660550	manual_output_funchead_RANDOM5	9.150889373016	13.408467975005458
Slovak	9841547	manual_output_funchead_RANDOM5	9.169503351196317	13.439944744871614
Slovenian	1259730	manual_output_funchead_RANDOM5	7.486054178537219	11.354228249063441
Slovenian	3656831	manual_output_funchead_RANDOM5	7.600425404783593	11.501550574273677
Slovenian	3779545	manual_output_funchead_RANDOM5	7.577626160228628	11.523119232927273
Slovenian	4232063	manual_output_funchead_RANDOM5	7.494682679646006	11.35082562459863
Slovenian	4526420	manual_output_funchead_RANDOM5	7.493164075494039	11.35927970687664
Slovenian	5192675	manual_output_funchead_RANDOM5	7.608864020729548	11.549872032255244
Slovenian	5225639	manual_output_funchead_RANDOM5	7.4425923898061646	11.417532470391981
Slovenian	6591550	manual_output_funchead_RANDOM5	7.49329907613694	11.35683161182326
Slovenian	6900520	manual_output_funchead_RANDOM5	7.494653768597931	11.382341653470112
Slovenian	7704576	manual_output_funchead_RANDOM5	7.464174288725377	11.377686470998473
Slovenian	8041551	manual_output_funchead_RANDOM5	7.541843197612451	11.46736060606645
Spanish	1058342	manual_output_funchead_RANDOM5	6.289217764692138	7.315561166349703
Spanish	2024396	manual_output_funchead_RANDOM5	6.284107304268586	7.276986580590558
Spanish	2181096	manual_output_funchead_RANDOM5	6.194354924817628	7.167789260791827
Spanish	3635219	manual_output_funchead_RANDOM5	6.202929047425986	7.153131535941089
Spanish	4868891	manual_output_funchead_RANDOM5	6.358993735628823	7.368219457552324
Spanish	6075549	manual_output_funchead_RANDOM5	6.245011911628081	7.281822154604738
Spanish	6465735	manual_output_funchead_RANDOM5	6.350173787816679	7.401517416321214
Spanish	661713	manual_output_funchead_RANDOM5	6.505503392224672	7.548116538906179
Spanish	7460459	manual_output_funchead_RANDOM5	6.31156423545746	7.312581983465049
Spanish	8151627	manual_output_funchead_RANDOM5	6.406564280696921	7.413928423387902
Spanish	9727219	manual_output_funchead_RANDOM5	6.351481202049874	7.397684712321469
Swedish	2238357	manual_output_funchead_RANDOM5	7.033440041257496	10.049090711458666
Swedish	2524459	manual_output_funchead_RANDOM5	7.035541289539006	9.995392117874069
Swedish	4093331	manual_output_funchead_RANDOM5	6.98073442880895	9.868039786711577
Swedish	4605915	manual_output_funchead_RANDOM5	7.025359878221215	10.03487368795377
Swedish	468484	manual_output_funchead_RANDOM5	6.98051836227885	9.805672213533411
Swedish	6038102	manual_output_funchead_RANDOM5	7.092819962689564	10.06973079988918
Swedish	6221309	manual_output_funchead_RANDOM5	6.972132069013734	9.95492908983942
Swedish	6579857	manual_output_funchead_RANDOM5	7.095538046097089	10.08297271657131
Swedish	7613068	manual_output_funchead_RANDOM5	7.028603461630311	10.031570724117763
Swedish	7666260	manual_output_funchead_RANDOM5	7.014222778823253	9.880563227305887
Swedish	8542189	manual_output_funchead_RANDOM5	7.021665230751565	9.926788618204853
Tamil	3103886	manual_output_funchead_RANDOM5	9.085867554215925	12.744746503335206
Tamil	3614134	manual_output_funchead_RANDOM5	9.099539424097815	13.020625252629863
Tamil	4005510	manual_output_funchead_RANDOM5	9.07067250437728	12.867273023601935
Tamil	4082312	manual_output_funchead_RANDOM5	9.05605217382605	12.729018765826558
Tamil	4299731	manual_output_funchead_RANDOM5	9.131199140668128	13.019920990590759
Tamil	4597818	manual_output_funchead_RANDOM5	9.091761821071236	13.022327337793886
Tamil	6757492	manual_output_funchead_RANDOM5	9.069861510998448	12.870251933662537
Tamil	776914	manual_output_funchead_RANDOM5	9.349347380704659	13.293393740713704
Tamil	8235050	manual_output_funchead_RANDOM5	9.153355902124176	13.153532867568124
Tamil	8869885	manual_output_funchead_RANDOM5	9.021170919824371	12.884446504077673
Tamil	9909556	manual_output_funchead_RANDOM5	9.00971664810863	12.827979683236274
Telugu	1115230	manual_output_funchead_RANDOM5	7.986294203566762	9.639777257893286
Telugu	1420142	manual_output_funchead_RANDOM5	7.909639608512804	9.64294222859503
Telugu	151713	manual_output_funchead_RANDOM5	8.567831472917037	10.35973858418271
Telugu	3438278	manual_output_funchead_RANDOM5	8.103278935071334	9.729464317988423
Telugu	377305	manual_output_funchead_RANDOM5	7.787741934077191	9.302772219453145
Telugu	4116408	manual_output_funchead_RANDOM5	8.030396022611452	9.673609905798457
Telugu	4969402	manual_output_funchead_RANDOM5	7.992168527968387	9.630786646726746
Telugu	6354841	manual_output_funchead_RANDOM5	7.9322948789133605	9.510774769829315
Telugu	7051591	manual_output_funchead_RANDOM5	7.8057427267426425	9.433870176667149
Telugu	8200475	manual_output_funchead_RANDOM5	8.05454669930257	9.74552178890147
Telugu	9489882	manual_output_funchead_RANDOM5	8.009517377812495	9.84377035620617
Turkish	1206857	manual_output_funchead_RANDOM5	9.093995015599177	11.31133286919227
Turkish	124263	manual_output_funchead_RANDOM5	9.030489546126383	11.231143552511016
Turkish	167699	manual_output_funchead_RANDOM5	9.070472041770737	11.376887869521076
Turkish	4510754	manual_output_funchead_RANDOM5	9.082076715345702	11.355564408077472
Turkish	5570198	manual_output_funchead_RANDOM5	9.09334182417031	11.396172058437303
Turkish	5969499	manual_output_funchead_RANDOM5	9.080301710189271	11.329231656194683
Turkish	6369002	manual_output_funchead_RANDOM5	9.139395949181589	11.386257907486337
Turkish	7136503	manual_output_funchead_RANDOM5	9.027570256722168	11.311155049394388
Turkish	898289	manual_output_funchead_RANDOM5	9.052425614797512	11.312471424625313
Turkish	9020977	manual_output_funchead_RANDOM5	9.045238802382675	11.30100861318701
Turkish	9377917	manual_output_funchead_RANDOM5	9.043144287760482	11.266460692653853
Ukrainian	1150221	manual_output_funchead_RANDOM5	8.920718026516017	13.120653503397824
Ukrainian	133220	manual_output_funchead_RANDOM5	8.933839647121385	13.133859327118556
Ukrainian	1470423	manual_output_funchead_RANDOM5	8.826261948452196	12.925191082837657
Ukrainian	2052323	manual_output_funchead_RANDOM5	8.97963931933943	13.168942414019481
Ukrainian	2434110	manual_output_funchead_RANDOM5	8.820381169415876	12.950837485833402
Ukrainian	3696467	manual_output_funchead_RANDOM5	8.840617820963816	12.866588303700903
Ukrainian	3782200	manual_output_funchead_RANDOM5	8.93371092316092	13.165455873787122
Ukrainian	3830264	manual_output_funchead_RANDOM5	8.947155129626129	13.130735339108
Ukrainian	7443055	manual_output_funchead_RANDOM5	8.870417863852028	12.995760660034827
Ukrainian	8551786	manual_output_funchead_RANDOM5	8.89617704882512	12.995194860635156
Ukrainian	9722462	manual_output_funchead_RANDOM5	8.99310974093281	13.114666595031451
Urdu	1378277	manual_output_funchead_RANDOM5	6.037992331875779	7.786464167489651
Urdu	2892100	manual_output_funchead_RANDOM5	6.146993161523598	7.85429221863636
Urdu	4603792	manual_output_funchead_RANDOM5	6.138541218931469	7.843562250803613
Urdu	4967505	manual_output_funchead_RANDOM5	6.19411173770244	7.929478860915792
Urdu	6628357	manual_output_funchead_RANDOM5	6.076552714928607	7.823904155700816
Urdu	7400439	manual_output_funchead_RANDOM5	6.221473902828645	8.007122293666077
Urdu	8450428	manual_output_funchead_RANDOM5	6.1709526663665075	7.833053116198608
Urdu	887063	manual_output_funchead_RANDOM5	6.186842036514752	7.970822792729734
Urdu	8933475	manual_output_funchead_RANDOM5	6.1553953016797704	7.954820459639585
Urdu	8952821	manual_output_funchead_RANDOM5	6.238185023743361	8.009581447381638
Urdu	9597270	manual_output_funchead_RANDOM5	6.075447604548153	7.778229040773108
Vietnamese	1664808	manual_output_funchead_RANDOM5	7.665737588664502	9.749351968004293
Vietnamese	3040116	manual_output_funchead_RANDOM5	7.710916582208297	9.800587452510714
Vietnamese	325737	manual_output_funchead_RANDOM5	7.598732119506771	9.621107505903542
Vietnamese	430195	manual_output_funchead_RANDOM5	7.577264204356923	9.675700413362499
Vietnamese	4769587	manual_output_funchead_RANDOM5	7.612975703307802	9.715098654971237
Vietnamese	5826695	manual_output_funchead_RANDOM5	7.653423472058999	9.706868355987064
Vietnamese	5857450	manual_output_funchead_RANDOM5	7.526606944201261	9.516431191189227
Vietnamese	6606299	manual_output_funchead_RANDOM5	7.597935368030172	9.619240508340114
Vietnamese	6830646	manual_output_funchead_RANDOM5	7.55334556788058	9.568811785989851
Vietnamese	8367833	manual_output_funchead_RANDOM5	7.596770070549876	9.638376276185832
Vietnamese	8493637	manual_output_funchead_RANDOM5	7.950568616964338	10.13250399056475
